Customer_Id,Revenue_USD
10001,7489.951000000001
10002,82.8622333
10003,178.5603935
10004,192152.9769
10005,218719.066
10006,80554.00404
10007,129360.0581
10008,8.1431544
10009,619.4868720000001
10010,27178.11232
10011,14.4605879
10012,19529.70658
10013,19568.7474
10014,249.220368
10015,1685.9136
10016,303516.5888
10017,10740.876
10018,100074.4724
10019,7801.945110000001
10020,12980.889312
10021,2250.612162
10022,18.8307016
10023,976.1645600000002
10024,1623.9915179999998
10025,3654.828054000001
10026,6552.48798
10027,564.668928
10028,78117.81807
10029,34946.56899
10030,49590.11
10031,111521.151
10032,28.7316096
10033,3197.726
10034,265.40235500000006
10035,14709.895650000002
10036,7780.5936
10037,6.8207114
10038,4402.6186
10039,15978.983720000002
10040,554.1020332
10041,25.0023829
10042,27340.16654
10043,79250.51079
10044,25026.48829
10045,9.8956272
10046,105.8298212
10047,4.1893038
10048,388544.23202
10049,8661.8776
10050,131.6417102
10051,95843.80000000002
10052,130910.55216000002
10053,131723.74339000002
10054,144548.75199999998
10055,13108.4081
10056,111121.35764
10057,2763.38871
10058,168795.23526000002
10059,49778.79408000001
10060,148725.21000000002
10061,3848.8246100000006
10062,4598.30746
10063,52359.10407
10064,45479.22562
10065,1927.0111
10066,25225.12797
10067,13074.809670000002
10068,27301.65728
10069,189486.65557
10070,4351.32725
10071,70080.03129
10072,35192.5575
10073,179873.48623
10074,42850.633
10075,1933.8005687
10076,20241.8106
10077,92105.86947
10078,12224.86956
10079,114811.00909
10080,3710.27238
10081,1023.62779
10082,3079.1107800000004
10083,56874.210750000006
10084,108797.059
10085,8087.643564
10086,212179.11878
10087,54127.99275
10088,10305.93365
10089,0.0
10090,10036.52806
10091,73020.30881
10092,1614.6042168
10093,9606.8458
10094,6543.6133500000005
10095,31.1244774
10096,40405.8749
10097,381.303144
10098,2357.584832
10099,138297.43154
10100,2168.53658
10101,1160.460488
10102,73042.75587
10103,138064.0
10104,43697.59164
10105,13980.35306
10106,88478.14490000001
10107,7580.47194
10108,256630.67673
10109,16991.34225
10110,41955.18134
10111,824.7017100000002
10112,32211.74304
10113,46.9997228
10114,0.0
10115,84077.712
10116,906.418968
10117,14307.97284
10118,294.1463212
10119,12472.31
10120,24110.06625
10121,12242.54547
10122,250525.78927
10123,15885.465696
10124,17236.832720000002
10125,198148.75868000003
10126,63284.229
10127,6545.1993
10128,7120.9116
10129,1348.198452
10130,725.1294400000002
10131,328300.58419
10132,1368.328924
10133,4663.8178
10134,15652.217970000002
10135,14925.11762
10136,66145.93475
10137,28280.948
10138,7411.829
10139,70.9377757
10140,158.1311992
10141,1732.99284
10142,346.924512
10143,54416.76696
10144,1035.37336
10145,5976.82752
10146,121976.1536
10147,0.1790669
10148,45939.41324
10149,1.1642884
10150,69480.62939
10151,136.5656061
10152,218349.894
10153,277949.12691
10154,4701.5114
10155,270799.216
10156,9862.492
10157,207249.30057
10158,40985.76537
10159,59909.54029
10160,57505.02215
10161,357.1115256
10162,0.0
10163,161386.0
10164,73751.88738
10165,2995.5463680000003
10166,40.14140400000001
10167,20411.28768
10168,343.5580909
10169,58533.854
10170,42819.19485
10171,1017.900648
10172,9070.72965
10173,30765.15368
10174,64062.979
10175,7090.670752
10176,47679.814
10177,9819.2326
10178,8545.930999999999
10179,16160.8605
10180,22946.89364
10181,1299.6432449
10182,209994.29226
10183,9887.14
10184,5815.615078000001
10185,18252.041
10186,11371.110660000002
10187,6307.7480000000005
10188,36992.38185
10189,5.8542386
10190,88191.55488000001
10191,10320.61986
10192,428.519724
10193,420132.985
10194,1275.864352
10195,12741.4658
10196,3371.707616
10197,33814.58059
10198,13734.23108
10199,236.5167
10200,1571.1554300000005
10201,34.7438443
10202,4276.94755
10203,28.900878
10204,257976.30808
10205,5887.243136
10206,40828.444
10207,147961.0
10208,1105.729632
10209,164049.847
10210,20654.489
10211,97439.89818
10212,9.7226529
10213,30422.64163
10214,3490.370172
10215,58064.58449
10216,8225.51714
10217,94389.7381
10218,142046.773
10219,94506.50898
10220,93365.881
10221,17038.264
10222,12465.832960000002
10223,79057.628
10224,99822.161
10225,264243.90618
10226,148350.41264
10227,141854.30000000002
10228,29276.517
10229,62529.5012
10230,195.7819798
10231,114820.0846
10232,144.15955200000002
10233,11338.53861
10234,278886.94765
10235,1955.032404
10236,16259.82822
10237,3612.410462
10238,19417.303
10239,37351.742496
10240,521.4286
10241,12745.0607
10242,103820.61659
10243,167888.57202000002
10244,16.9235099
10245,128092.48578000002
10246,5.5139382
10247,18393.43175
10248,536.8748
10249,9244.455
10250,14803.71036
10251,49020.66701
10252,79750.007
10253,14.3847836
10254,55648.6554
10255,255.2507978
10256,3612.2856
10257,2440.20546
10258,46597.4455
10259,29665.126176
10260,5936.342000000001
10261,136.9226172
10262,11507.17158
10263,13791.76628
10264,12724.86264
10265,59933.18239
10266,290003.353
10267,84885.06236000001
10268,18061.45628
10269,1069.014996
10270,75640.45076
10271,53051.32119
10272,34954.07594
10273,139667.12196
10274,78.79074800000001
10275,40897.143350000006
10276,88.35457500000001
10277,5315.8869
10278,184.76466
10279,6973.554426000001
10280,1119.532044
10281,88482.33976
10282,73318.41445000001
10283,269.3673576
10284,236075.37844000003
10285,8014.684200000001
10286,5698.633
10287,60331.86705
10288,51446.16662
10289,24888.49099
10290,14168.614770000002
10291,84666.52281000001
10292,123507.68963
10293,11708.088000000002
10294,70324.3971
10295,159.2336137
10296,28860.431490000003
10297,531.758196
10298,7.8704889
10299,18.600076
10300,55735.891
10301,34959.33892
10302,24228.40896
10303,100.23164400000002
10304,24538.47894
10305,61967.431
10306,2562.2313120000003
10307,5.5474996
10308,163305.18774000002
10309,6473.450876
10310,294863.64319
10311,3525.632256
10312,4.2424374
10313,169091.82208
10314,515.327508
10315,22809.786900000003
10316,53502.00036
10317,5384.561
10318,3506.198868
10319,77536.92001
10320,25518.396570000004
10321,23324.12
10322,1128.29463
10323,4758.1752400000005
10324,45366.3
10325,21118.231
10326,31129.40388
10327,4452.26112
10328,329.981652
10329,541.2566400000001
10330,361882.4089
10331,407.9650368
10332,156.3343763
10333,11.3405079
10334,54610.3757
10335,54679.37803
10336,7976.8013
10337,4773.62094
10338,6100.682130000001
10339,276180.41942
10340,56691.49317
10341,182070.15342
10342,154273.282
10343,8866.237380000002
10344,6164.93781
10345,35981.61205999999
10346,62281.525
10347,346.965708
10348,2781.7925506
10349,9705.81636
10350,9710.7288
10351,1162.728342
10352,758.2865633
10353,1078.9856
10354,19.5317082
10355,0.7518757
10356,405.135304
10357,7645.55598
10358,95964.45674
10359,14980.575230000002
10360,25364.35692
10361,1490.049408
10362,207715.381
10363,179960.08643999998
10364,16.4729
10365,4706.93482
10366,5051.061399999999
10367,1734.7610880000002
10368,69464.46
10369,9708.56024
10370,95361.37011
10371,31440.44364
10372,1204.823897
10373,10117.36
10374,1957.92363
10375,61.9765092
10376,518.101332
10377,209.8280382
10378,21.613104
10379,9039.3954
10380,30015.86964
10381,8692.2276
10382,944.033712
10383,11733.39635
10384,1546.531778
10385,4.5649142000000005
10386,90137.8179
10387,21404.379
10388,4106.775000000001
10389,45447.15324
10390,1338.8038720000002
10391,38824.02439
10392,621829.67351
10393,193.4592842
10394,28189.364180000004
10395,38562.464064
10396,56878.03774
10397,75988.40022
10398,26256.2688
10399,344.929488
10400,11217.853
10401,771.320808
10402,4315.3240000000005
10403,42028.71595
10404,96935.48526
10405,65080.57005000001
10406,2787.551964
10407,461908.14460000006
10408,21233.11008
10409,118.2323472
10410,81491.46918
10411,23807.25081
10412,35051.76675
10413,131150.11781
10414,2420.07233
10415,1535.925216
10416,288339.38841
10417,32372.714
10418,66548.16593999999
10419,305909.92238
10420,59611.9801
10421,37253.563290000006
10422,206014.28777
10423,39803.90765
10424,98442.216
10425,243.193412
10426,3603.844832
10427,15413.98474
10428,19712.2717
10429,1041.300176
10430,18815.4387
10431,24109.85061
10432,22603.88263
10433,243.8576987
10434,4897.1784
10435,1466.286936
10436,39911.532
10437,93810.54
10438,10611.015
10439,8676.8044
10440,49237.32228
10441,9444.274
10442,161141.80282
10443,11576.85674
10444,410.8362079
10445,65539.28328
10446,62235.64642
10447,28792.6304
10448,95178.91554000002
10449,41109.12328
10450,101357.60888
10451,71735.622
10452,23221.22198
10453,74.9848724
10454,2087.360608
10455,5222.11984
10456,257058.3297
10457,2574.594422
10458,176.342848
10459,9343.4622
10460,192276.421
10461,73.063776
10462,52922.896
10463,11483.499
10464,109.4008696
10465,82810.39600000001
10466,115953.4948
10467,102568.3347
10468,26912.04176
10469,16982.376035
10470,6921.856
10471,226.405098
10472,4761.876
10473,100875.94
10474,8639.747800000001
10475,768.621348
10476,15674.856
10477,3231.9954
10478,74796.44528
10479,4639.24054
10480,86.6739199
10481,8976.186
10482,257110.107
10483,24380.03218
10484,35802.945510000005
10485,12718.38778
10486,112.104306
10487,1703.2678600000002
10488,343291.92
10489,91578.51801
10490,86.57090769999999
10491,159185.65445
10492,904.5434706
10493,20.8677403
10494,9437.74756
10495,7.0487568
10496,5.4133134
10497,1356.4544
10498,88201.58254999999
10499,3815.081
10500,7.329491699999999
10501,870.714328
10502,16669.639750000002
10503,103659.277
10504,8108.5085100000015
10505,11627.5649
10506,80455.83755000001
10507,2326.648192
10508,46952.39637
10509,21812.8703
10510,39123.013770000005
10511,76736.15
10512,72670.55833000001
10513,56497.06203
10514,143759.54083
10515,17795.948
10516,485.1670642
10517,6005.426952
10518,17679.7542
10519,58581.08916
10520,43859.90928
10521,33818.68553
10522,6.610298099999999
10523,85539.308352
10524,11399.300612
10525,342388.54306
10526,237.162438
10527,63801.9679
10528,2462.4742
10529,32143.38908
10530,9959.42468
10531,36921.40105
10532,3.4983552
10533,1530.33676
10534,41315.06461
10535,275.0531576
10536,658.6433526000001
10537,8991.121210000001
10538,13640.65596
10539,194738.97817
10540,43772.563
10541,52120.9986
10542,56627.0151
10543,13935.224070000002
10544,15338.45727
10545,673458.87402
10546,86324.44381
10547,1362.013696
10548,7517.449350000001
10549,8794.06902
10550,66791.77304
10551,3507.77302
10552,86706.658
10553,708709.42824
10554,7166.702662000001
10555,1996.1944541
10556,9597.95592
10557,293891.58519
10558,13378.367880000002
10559,43595.64828
10560,9641.72048
10561,4412.782332
10562,527470.4161700001
10563,64609.306
10564,3046.8309440000003
10565,621.686128
10566,29.35957919999999
10567,500.374413
10568,102694.9245
10569,4090.8268
10570,1564.02372
10571,14016.10394
10572,28253.055
10573,8544.839249999999
10574,10198.18254
10575,3018.8029600000004
10576,66063.41100000001
10577,381.9273731
10578,20393.239538
10579,47.4552296
10580,201.3588386
10581,215.12726400000005
10582,7637.325890000001
10583,102064.5262
10584,255.692424
10585,1727.372532
10586,3109.1654
10587,5428.632
10588,34695.70912
10589,100727.24628
10590,9113.81031
10591,1217.009184
10592,15811.2422
10593,7630.0515
10594,115640.574
10595,16320.64654
10596,2012.149566
10597,1523.842416
10598,214453.51605000003
10599,7139.05258
10600,181917.14249
10601,67301.38946
10602,90141.506
10603,5.1993497
10604,489.790674
10605,13540.1762
10606,56136.75163
10607,135748.127
10608,27717.39
10609,1924.571232
10610,41.812896
10611,124554.269
10612,1607.016192
10613,63068.11364
10614,22.9729416
10615,31261.13838
10616,44.61369330000001
10617,62642.93983000001
10618,2479.24642
10619,44787.03462
10620,168953.997
10621,234684.22125000003
10622,40349.70721
10623,964.43568
10624,1170.75861
10625,45599.90700000001
10626,5944.57353
10627,2673.453936
10628,745.18539
10629,261681.858
10630,81636.48138
10631,13227.75386
10632,2452.033984
10633,255584.65733
10634,14001.378
10635,99805.878
10636,8066.58588
10637,180.5285889
10638,1419.520248
10639,38757.82
10640,4390.211012
10641,5879.8197
10642,11181.51775
10643,73538.569
10644,268968.91121000005
10645,20564.41392
10646,58.8546266
10647,19907.49609
10648,73855.321
10649,1253.619264
10650,1122.700432
10651,388.79218
10652,16761.77366
10653,17650.81638
10654,240904.00868000003
10655,64551.77463000001
10656,8236.530200000001
10657,557.755398
10658,164939.05155
10659,14936.16592
10660,139.5081839
10661,88139.33366
10662,4161.261
10663,57160.19296
10664,235883.051
10665,4786.5996000000005
10666,824.348808
10667,192.6138467
10668,2.4868777
10669,480.942
10670,5204.94318
10671,71925.89454000001
10672,7642.18
10673,48715.85069000001
10674,28008.28793
10675,30039.362829
10676,4.902079400000001
10677,70399.419
10678,27584.99388
10679,747.7016755
10680,46494.99749
10681,5969.2199
10682,185968.83926
10683,18409.644396
10684,3036.5960400000004
10685,36035.2692
10686,22839.764
10687,31968.852
10688,8177.953600000001
10689,172.1491769
10690,3.1871616
10691,31390.41187
10692,27440.364
10693,155168.40515
10694,30.120348000000003
10695,40.2207901
10696,3285.40872
10697,74188.338
10698,0.7606022
10699,9.2746288
10700,146310.10700000002
10701,169047.9754
10702,874.284
10703,42660.304
10704,571.0335764
10705,202118.49181
10706,56410.24244
10707,17.095011799999998
10708,61427.77444
10709,19532.345
10710,3049.85196
10711,51.0028723
10712,20403.20969
10713,157.634113
10714,589.687248
10715,27167.206
10716,32431.962400000004
10717,22963.46096
10718,312.769726
10719,37639.127
10720,48610.824
10721,71.4950903
10722,15061.303
10723,75012.68199999999
10724,11991.57792
10725,50494.84245
10726,11524.617860000002
10727,21.4275954
10728,40384.35285
10729,392.319522
10730,75806.49558
10731,7832.991700000001
10732,17975.92118
10733,5567.186688
10734,2.0609089000000003
10735,73259.88382
10736,25762.59114
10737,31595.677560000004
10738,25907.64426
10739,188.713674
10740,34231.37806
10741,2398.847904
10742,9616.606794
10743,102137.5615
10744,9.2832997
10745,530.9705759999999
10746,29366.520000000004
10747,266.890074
10748,1104.18682
10749,5725.959168
10750,4196.10176
10751,54402.793000000005
10752,38350.68753
10753,1211.1886274
10754,637.6314223
10755,45787.156
10756,63066.55221000001
10757,5468.7679800000005
10758,401544.12592
10759,175.4835676
10760,7344.187000000001
10761,8759.431
10762,8128.697238
10763,682.1069804
10764,3163.765052
10765,58183.04678
10766,267017.58231
10767,122787.66179
10768,145958.21001
10769,212355.07966
10770,317.01025880000003
10771,12695.08045
10772,4105.000620000001
10773,16.1286207
10774,41649.24008
10775,31392.3474
10776,67990.624
10777,227.240664
10778,191859.62
10779,506.59584
10780,112093.412
10781,167.258733
10782,78.1675571
10783,8462.74256
10784,2979.6943400000005
10785,44.0746614
10786,741.3387123000001
10787,1591.14536
10788,10710.60608
10789,29360.37986
10790,28846.96772
10791,141682.35804
10792,42.994488
10793,2511.87154
10794,92851.601
10795,154.5208806
10796,9865.20789
10797,9014.262435
10798,1916.435844
10799,151.1566441
10800,2285.60683
10801,41714.18228
10802,6394.38759
10803,293.02428560000004
10804,667.533504
10805,12006.85325
10806,442.56324
10807,1290.772632
10808,97506.63872
10809,20908.668
10810,1136.3400799
10811,70520.471406
10812,166493.03
10813,508.530444
10814,1376.200176
10815,14850.45871
10816,54223.6773
10817,113990.44385
10818,1054.4525999999998
10819,253722.51332
10820,141421.80802
10821,2199.91008
10822,15.8204448
10823,1638.287136
10824,1126.173008
10825,113923.10926
10826,44418.45042
10827,434.4852
10828,83.80315019999999
10829,4467.615255
10830,264735.18175
10831,15014.69973
10832,112697.52416000002
10833,49263.05576
10834,45.87354
10835,36916.25952000001
10836,30885.467
10837,2747.43042
10838,9793.307874
10839,3498.43566
10840,1171.5894
10841,224740.52403
10842,58066.13011
10843,21240.18485
10844,2594.431356
10845,140089.54462
10846,9284.901920000002
10847,0.0
10848,13354.0248
10849,124670.918
10850,43259.14385
10851,284.0842108
10852,15275.72284
10853,52515.234
10854,13.4330472
10855,61725.828
10856,18905.36682
10857,18059.31666
10858,8092.954023
10859,14977.29106
10860,4.2030264
10861,22500.30096
10862,43530.039
10863,1358.95616
10864,224.006004
10865,38401.395648
10866,14531.188940000002
10867,191151.91748
10868,291.69099600000004
10869,31453.857
10870,40641.5488
10871,2043.988398
10872,243362.93974
10873,84489.662
10874,5469.51316
10875,21365.38434
10876,17798.04429
10877,3773.64339
10878,1279.551746
10879,122.657196
10880,39766.74038
10881,13064.65256
10882,6521.197
10883,50965.7876
10884,3291.36663
10885,227480.76782
10886,13035.336
10887,11.0807686
10888,383230.1085
10889,54.54164
10890,119983.00400000002
10891,5159.590528
10892,4165.696080000001
10893,24850.7616
10894,140.1720784
10895,18002.0
10896,50858.36925
10897,13712.240000000002
10898,100.041788
10899,145752.14694
10900,45234.468
10901,21969.20362
10902,205616.4
10903,93844.78942
10904,13025.3682
10905,39574.99624
10906,4096.81804
10907,685.904814
10908,41993.07057
10909,101650.92319
10910,24485.64836
10911,39697.0371
10912,10534.061
10913,90448.1673
10914,29404.895470000003
10915,3600.07362
10916,41801.30145
10917,74225.84
10918,76930.93655000001
10919,1371.76914
10920,64646.39471
10921,167674.40679
10922,31852.178
10923,465.0579478
10924,20127.49086
10925,112630.22974
10926,1141.09084
10927,53937.26726
10928,45822.17492
10929,33836.18406
10930,42633.114
10931,457.3212516
10932,3.3181604999999994
10933,32192.818520000004
10934,17.961226499999995
10935,25604.235
10936,118136.57838
10937,97.8694475
10938,36473.63668
10939,71.1065022
10940,177601.83816
10941,1207.067136
10942,17288.39484
10943,169908.45924
10944,4974.35622
10945,24984.66
10946,28035.450000000004
10947,75486.019
10948,31116.65112
10949,52311.61899
10950,6.9047052
10951,5910.1260600000005
10952,52024.68739000001
10953,184124.31401
10954,24407.279
10955,2340.462144
10956,5981.36589
10957,34072.85282
10958,4945.011
10959,2289.51414
10960,7786.596060000001
10961,9189.836
10962,90438.22828
10963,24579.407
10964,48495.05033
10965,400.453596
10966,25.0185628
10967,135.0993963
10968,294601.97620000003
10969,7947.933030000001
10970,18272.6986
10971,132264.10108
10972,354020.649
10973,129687.4915
10974,131.611213
10975,3206.5386240000003
10976,5085.96
10977,45.7442634
10978,11532.55316
10979,18304.2256
10980,50001.5079
10981,5905.01375
10982,163398.59621000002
10983,43034.5076
10984,29267.96605
10985,26073.88218
10986,25051.1212
10987,3413.171
10988,74836.5442
10989,8397.77488
10990,51421.92577
10991,73170.313
10992,835.936824
10993,18362.48413
10994,3551.15772
10995,11897.19674
10996,68427.73769000001
10997,10034.05374
10998,25007.56
10999,14.2554248
11000,94141.46208
11001,278385.10184
11002,23773.443
11003,4295.82758
11004,32620.28854
11005,78396.288
11006,3387.76975
11007,64.605585
11008,15.571399200000002
11009,6767.25205
11010,6.0403808
11011,59.8770424
11012,193.617132
11013,12797.661
11014,17902.980450000003
11015,7096.486000000001
11016,343579.156
11017,8051.57962
11018,24792.69508
11019,445.6520142
11020,2921.78282
11021,168.4425015
11022,14.6077209
11023,60482.2683
11024,977.58332
11025,18871.5503
11026,5346.50522
11027,57787.61232
11028,12098.816
11029,3923.70916
11030,2893.609676
11031,95437.39051
11032,8827.618970000001
11033,70994.222
11034,33319.224
11035,25.45627
11036,6777.0892
11037,125.174178
11038,8054.235860000001
11039,7027.3612
11040,35130.756576
11041,39700.47922
11042,52959.77
11043,11265.1656
11044,179.7892771
11045,62032.909340000006
11046,2719.5848800000003
11047,508697.67971000005
11048,60546.34
11049,27484.04304
11050,103333.7625
11051,10424.206656
11052,228890.19
11053,48.0049472
11054,56446.08440000001
11055,77230.245
11056,17950.678
11057,53118.63116
11058,32158.59966
11059,9105.4119
11060,12380.26538
11061,542.454354
11062,36738.54047
11063,6956.715579999999
11064,174857.42286000002
11065,21648.64587
11066,1492.24418
11067,39566.56806
11068,14573.9498
11069,132834.52732
11070,4321.474200000001
11071,635.636052
11072,122508.64
11073,24336.116
11074,9565.578138
11075,19238.22548
11076,1020.394145
11077,3139.85673
11078,18410.9393
11079,48292.283
11080,15.9613896
11081,11782.2604
11082,123448.062
11083,9593.13454
11084,63814.331000000006
11085,17290.788
11086,14679.08715
11087,164375.38107
11088,4.799760599999999
11089,31279.557780000003
11090,59.053116
11091,154038.414
11092,24183.542
11093,75105.74583
11094,162934.1568
11095,2326.285056
11096,7949.12257
11097,197461.608
11098,81165.25969
11099,558.564498
11100,190932.00428
11101,289054.29543000006
11102,8144.217000000001
11103,37.7072456
11104,34389.08982
11105,29128.896
11106,11333.4528
11107,574.8759016
11108,59347.278
11109,47824.03885
11110,33055.81299
11111,310662.767
11112,41232.91785
11113,155.16561610000002
11114,20475.80854
11115,30560.545820000003
11116,454.2523754
11117,64333.78162000001
11118,138275.28704
11119,4019.13694
11120,49618.26700000001
11121,46867.746
11122,23331.38787
11123,695.858676
11124,158293.7894
11125,3670.316
11126,341261.37361
11127,49.3063263
11128,22350.49
11129,166868.38231000002
11130,50641.572
11131,33597.86651
11132,601.013736
11133,3847.024536
11134,11242.45251
11135,46092.78967
11136,15.404988
11137,19841.68594
11138,731.5418
11139,7294.823154000001
11140,95699.50717
11141,1158.9067
11142,7046.237080000001
11143,65176.067
11144,2378.150982
11145,5066.860500000001
11146,31.0030092
11147,179.9651758
11148,14264.22941
11149,1388.089206
11150,1407.072636
11151,189270.89285
11152,1202.5905360000002
11153,72364.01000000001
11154,59538.11816
11155,2898.13342
11156,148555.514
11157,77243.77541
11158,217919.981
11159,1848.758
11160,2550.5062520000006
11161,1602.975924
11162,156201.29351000002
11163,60662.89488000001
11164,113112.28984
11165,8.390974
11166,37.2003948
11167,21150.78075
11168,23770.51835
11169,97521.8531
11170,4026.818676
11171,105.945021
11172,7826.449055999999
11173,34644.80743
11174,5096.044704
11175,1522.97808
11176,71.02278
11177,425.798448
11178,25824.601550000003
11179,221370.93073
11180,14612.60496
11181,55531.924
11182,46929.784320000006
11183,11904.09214
11184,147.4763675
11185,5994.3060000000005
11186,604.1915160000001
11187,27.03444
11188,28.6440253
11189,51248.7
11190,2580.71751
11191,3.5468944
11192,796.6580999999999
11193,10471.6118
11194,5733.49231
11195,56613.595
11196,446180.54659
11197,62348.89375
11198,16206.093239999998
11199,278864.73345
11200,138.9607236
11201,4479.77325
11202,27026.97675
11203,76183.84524
11204,4130.436128
11205,290003.72154
11206,17621.805418
11207,82462.20818000002
11208,33391.81917
11209,165647.144
11210,24.274712800000003
11211,40942.651
11212,113.1573586
11213,152951.49666
11214,1524.7386
11215,25.3755183
11216,6157.25436
11217,63159.83636
11218,96.492036
11219,18183.1382
11220,7090.063296
11221,107785.20699
11222,34943.2058
11223,1389.107368
11224,10772.5759
11225,39343.602750000005
11226,45136.048
11227,25866.04013
11228,28742.95115
11229,13933.17352
11230,43798.088736000005
11231,2431.023696
11232,23496.52053
11233,110824.05094
11234,14478.7552
11235,327400.43657
11236,24932.82
11237,64175.40571000001
11238,6286.23801
11239,36015.20726
11240,15173.165083999998
11241,2259.890712
11242,1102.114724
11243,71818.845
11244,22874.3281
11245,5694.3148
11246,117690.019
11247,0.0
11248,4318.558208
11249,10425.40875
11250,108886.32281
11251,81442.10526
11252,67526.114
11253,3240.305664
11254,18909.067120000003
11255,2019.166596
11256,2712.017952
11257,8.384817
11258,51597.878
11259,50161.33958
11260,4.4103315
11261,16906.07562
11262,6976.40624
11263,72187.74100000001
11264,1508.936424
11265,49737.381250000006
11266,39551.70278
11267,215424.599
11268,33827.66855
11269,21785.582
11270,31095.61
11271,20786.71638
11272,2081.3618
11273,903.73266
11274,121629.549
11275,125593.389
11276,420.751728
11277,6245.544400000001
11278,25.2472626
11279,164.5888567
11280,137887.609
11281,46.961171
11282,455.38497000000007
11283,3409.3129000000004
11284,45178.369
11285,16991.692039999998
11286,58890.06111000001
11287,6214.0692500000005
11288,3718.38208
11289,16195.88272
11290,5.4683276
11291,534.139428
11292,1183.708876
11293,1260.658746
11294,72.28686239999999
11295,3687.90914
11296,6238.09485
11297,97685.28185
11298,11678.159136
11299,59681.216680000005
11300,476.956288
11301,19493.780400000003
11302,11482.60425
11303,4909.672484999999
11304,303602.14654
11305,572.269716
11306,38912.822
11307,332.192436
11308,24.636488
11309,126120.50356
11310,1403.995008
11311,4285.87132
11312,26.2804528
11313,3280.27018
11314,21540.21008
11315,958.18104
11316,59431.3075
11317,109304.77926
11318,1006.379976
11319,54791.37219999999
11320,3692.17305
11321,4.547026
11322,5109.66712
11323,19758.74474
11324,33869.770000000004
11325,6485.6481300000005
11326,11038.849768
11327,3.7352144
11328,33202.61847
11329,270066.17497000005
11330,59.496375
11331,1100.571936
11332,14668.432100000002
11333,8134.2355
11334,67279.89793
11335,91.1707726
11336,102071.74854000002
11337,6584.957568
11338,49643.60201
11339,54512.50848
11340,165.163176
11341,47311.70178
11342,611.5536
11343,574.89516
11344,17437.230310000003
11345,92933.5073
11346,1967.354568
11347,6059.3178800000005
11348,555.751644
11349,1512.64964
11350,387.634872
11351,379.4596456
11352,1232.3937959999998
11353,338.1159757
11354,2119.5499200000004
11355,48124.63959
11356,37081.9705
11357,6116.03578
11358,5908.28062
11359,8918.61975
11360,128745.70534
11361,19470.33755
11362,1670.670036
11363,10546.072835
11364,132980.8
11365,1426.48548
11366,12521.32159
11367,8494.378272
11368,18081.273
11369,125032.18979
11370,127.206648
11371,15134.9212
11372,15745.178999999998
11373,188.66352
11374,143.71582800000002
11375,63266.58416
11376,24507.7252
11377,157266.00373
11378,2412.3464400000003
11379,24898.1214
11380,7241.99815
11381,13.819680000000002
11382,31105.53936
11383,9.822736
11384,995.5159959
11385,8672.884942
11386,16775.451
11387,105487.30744
11388,39250.166
11389,6727.40304
11390,4375.1902
11391,117853.98952
11392,3700.19259
11393,134268.27477
11394,207414.21224
11395,9722.16189
11396,362.3431958000001
11397,3398.58545
11398,7322.85204
11399,69939.85
11400,7413.53756
11401,14088.89922
11402,51053.747
11403,16530.06
11404,2618.524235
11405,45342.3402
11406,1314.138636
11407,57802.84238
11408,49548.33120000001
11409,565.83888
11410,8292.6602
11411,244519.657
11412,511.8980967
11413,1115.44272
11414,21304.76502
11415,166147.17836000002
11416,16715.752699999997
11417,26189.24034
11418,5519.2336000000005
11419,3807.45904
11420,267.537732
11421,39044.891090000005
11422,15787.02372
11423,1789.48359
11424,17195.685
11425,3790.441
11426,70569.318
11427,232882.178
11428,202191.6864
11429,24458.23968
11430,1288.83358
11431,59082.15508
11432,24239.54099
11433,148584.0
11434,730.856052
11435,25772.324310000004
11436,87557.9669
11437,21487.283
11438,22309.12353
11439,29.052171200000004
11440,5382.99102
11441,98665.49574
11442,6779.455002
11443,217566.77248
11444,371494.00894
11445,4725.6066
11446,12844.95848
11447,206.779884
11448,39699.2061
11449,798.463236
11450,1475.9162
11451,85492.16201
11452,137776.09859
11453,178633.70524999997
11454,49740.66633
11455,5963.6603700000005
11456,1489.0092127
11457,36250.3698
11458,492.498
11459,25951.881
11460,81.997836
11461,3611.12
11462,67.4682764
11463,2202.760068
11464,2369.49273
11465,15291.866150000002
11466,32.8311624
11467,2.404452
11468,2105.773908
11469,7504.68268
11470,2697.03252
11471,40214.97121
11472,14875.16724
11473,120.3351264
11474,1067.294668
11475,18339.315
11476,8843.059000000001
11477,20092.66025
11478,2539.599456
11479,5.995421099999999
11480,12170.07018
11481,268.4159025
11482,106605.86623
11483,2161.3676
11484,2019.362616
11485,5358.967104
11486,2798.3890200000005
11487,29.4436128
11488,162.1720254
11489,9379.316
11490,215.9408808
11491,87.940127
11492,19620.120780000005
11493,145.2266912
11494,91645.80024
11495,44.6774752
11496,126634.058
11497,42447.795880000005
11498,29255.25556
11499,122011.21446
11500,5873.53977
11501,1115.577972
11502,9224.86184
11503,1482.24249
11504,289.60806
11505,107.697944
11506,3206.23
11507,3307.34404
11508,51295.877
11509,56468.53737
11510,7317.61954
11511,24551.016750000003
11512,33570.81706
11513,3651.88387
11514,103.9374618
11515,38630.01946
11516,219662.77756
11517,689.949528
11518,120.093204
11519,6697.6
11520,39020.08706
11521,4613.70112
11522,55803.36641
11523,84936.039
11524,12686.693600000002
11525,65791.10508000001
11526,1207.2299186
11527,27354.18329
11528,48614.863
11529,47156.1447
11530,296757.857
11531,55900.16887
11532,142.5371076
11533,2085.687312
11534,21794.723
11535,457510.6377
11536,493.132414
11537,17254.96
11538,16286.64759
11539,6157.9715
11540,92.7937672
11541,3.6890416
11542,59.6225118
11543,550.749304
11544,14163.132627
11545,27.831045
11546,18.9976776
11547,128336.011
11548,337271.88859
11549,10.348932
11550,166015.05405
11551,23023.859880000004
11552,27.9407986
11553,3.08154
11554,16582.421
11555,105154.97754
11556,18070.71651
11557,18.2156024
11558,35123.12616
11559,1881.47876
11560,38.8090197
11561,206774.72656
11562,28140.77525
11563,47020.486
11564,12484.28588
11565,12034.80009
11566,106.147656
11567,5547.406260000001
11568,8328.05175
11569,2324.01231
11570,3.114485
11571,77.354304
11572,12202.81051
11573,4467.606464
11574,5651.033310000001
11575,17229.273984
11576,16005.88755
11577,109245.87893
11578,76.0624736
11579,1112.576384
11580,30446.20227
11581,46240.64788
11582,800.97417
11583,53.2697704
11584,6002.986544
11585,11386.98584
11586,58.0354995
11587,3409.0600000000004
11588,11550.731136
11589,24388.7
11590,9664.011231
11591,89.93807939999999
11592,1363.706544
11593,4780.849536
11594,28551.9832
11595,258.6702527
11596,13586.54698
11597,89.7714357
11598,87542.1432
11599,59132.593
11600,330892.13494
11601,110410.727
11602,838015.699
11603,121453.60901
11604,22214.86956
11605,3490.764084
11606,38296.267
11607,10248.10262
11608,41340.084
11609,23676.681
11610,1228.118
11611,1038.029064
11612,119.0896839
11613,12365.359
11614,3455.576
11615,317.2863967
11616,322271.961
11617,76726.87670000001
11618,174.09508720000002
11619,7.293121199999999
11620,30108.208410000003
11621,55229.2039
11622,5620.29991
11623,23212.432
11624,7314.780768
11625,20200.834000000003
11626,2003.395896
11627,3176.7893820000004
11628,75386.04822
11629,68757.4436
11630,989.903424
11631,1602.283732
11632,45800.067
11633,2455.4623800000004
11634,17402.86539
11635,56993.15895
11636,11036.13579
11637,12900.474
11638,581.450688
11639,29310.2836
11640,31519.34361
11641,6757.149
11642,149069.06616000002
11643,2287.5578
11644,93652.45992
11645,5104.811754
11646,19359.33
11647,40772.929
11648,88674.34999999999
11649,996.60843
11650,13421.7156
11651,1126.0464677
11652,400.2306732
11653,36485.983980000005
11654,11592.183955
11655,2872.874575
11656,5713.04643
11657,88696.47123
11658,23915.78932
11659,15800.99105
11660,6091.776
11661,321130.34128
11662,2822.5807400000003
11663,72460.32714000001
11664,352.3037496
11665,6.1055952
11666,357.553248
11667,46548.9596
11668,410007.9581
11669,56297.47640000001
11670,6.684410400000001
11671,4261.6493
11672,42387.35871
11673,29308.9585
11674,4187.846016
11675,139.165644
11676,30465.25684
11677,2613.7693440000003
11678,0.4840467
11679,42187.240000000005
11680,26788.357750000006
11681,345.9661898
11682,9323.87904
11683,5164.6869
11684,64833.21818
11685,19189.4088
11686,147014.08136
11687,4799.22124
11688,401.3401
11689,128904.41479
11690,3934.5076
11691,29635.895550000005
11692,58535.286
11693,9.8588399
11694,21760.22466
11695,29553.32151
11696,15513.93138
11697,90437.78069
11698,150239.86800000002
11699,881.744412
11700,6264.62131
11701,24.6973551
11702,11532.03588
11703,16.508109800000003
11704,75944.133
11705,6953.9493
11706,12970.27899
11707,113268.18584
11708,51019.80331
11709,7976.259540000001
11710,21864.69564
11711,8544.78148
11712,14.1590784
11713,43518.68995
11714,6357.580758
11715,2565.94743
11716,29106.19282
11717,20.079960300000003
11718,60.65469600000001
11719,5764.21947
11720,10923.643190000004
11721,168208.07188
11722,38297.54022
11723,33969.642900000006
11724,44193.506
11725,2319.488256
11726,120994.93334
11727,35441.863
11728,27693.48411
11729,448.6258159
11730,3216.43386
11731,76892.95705
11732,518113.15857
11733,55.924126400000006
11734,22807.6082
11735,77413.753
11736,3619.821728
11737,54175.121
11738,35734.75893
11739,26072.87865
11740,116188.37342
11741,95906.7
11742,336500.21873
11743,325468.779
11744,32958.701
11745,16031.193
11746,30514.046
11747,22961.6694
11748,12659.325400000002
11749,47734.847420000006
11750,166.34868
11751,106362.152
11752,172612.85772
11753,51465.0604
11754,351.593208
11755,7769.317260000002
11756,35447.175
11757,44667.0965
11758,5191.854920000001
11759,22713.8669
11760,18.8273871
11761,14257.833
11762,54360.67572
11763,1198.2996899999998
11764,39475.971724
11765,40737.35439
11766,5587.05696
11767,29949.1283
11768,20153.21928
11769,21541.07144
11770,206178.31453
11771,24882.31726
11772,26057.37762
11773,14119.91995
11774,2399.550208
11775,5539.769382
11776,50116.842950000006
11777,93176.29233
11778,17038.36443
11779,17461.440300000002
11780,346.578228
11781,139833.48509
11782,107126.33687
11783,30903.53931
11784,178027.904
11785,141.0012078
11786,27546.23025
11787,9276.4559
11788,255.917004
11789,117.8294964
11790,534.6574824
11791,62203.65021000001
11792,3901.93949
11793,3657.617112
11794,17706.3084
11795,3868.52679
11796,372889.33572
11797,637.5887700999999
11798,12850.9702
11799,81517.27083000001
11800,9360.57968
11801,82866.18507
11802,15.1540158
11803,88388.77515
11804,54976.83249000001
11805,33514.411980000004
11806,568.3497373
11807,327394.62687000004
11808,19383.85108
11809,518.571744
11810,82720.7225
11811,21457.84704
11812,36574.50013
11813,72873.76049
11814,408353.238
11815,3478.58325
11816,2865.2916
11817,351.071442
11818,5535.0560000000005
11819,36896.784
11820,2224.0688640000003
11821,389.7962299
11822,0.0
11823,22971.90899
11824,115110.55
11825,6183.329020000001
11826,224861.74729
11827,12879.579
11828,36.3482512
11829,46750.984650000006
11830,288.9048844
11831,10449.981229999998
11832,14385.73095
11833,28.666132
11834,4991.324576
11835,271265.34174
11836,238751.96386
11837,154286.425
11838,1160.252964
11839,1451.8686
11840,8.5808508
11841,291.149484
11842,84.9287124
11843,1188.00036
11844,27121.14238
11845,6107.661360000001
11846,50163.212
11847,2550.898
11848,96788.63735
11849,1301.6362
11850,8949.77138
11851,89.8564171
11852,89721.41852
11853,148.934268
11854,190205.75101
11855,24832.71576
11856,50757.67684000001
11857,224.2923045
11858,329650.06795000006
11859,18266.3698
11860,6875.866
11861,53461.0
11862,2616.090714
11863,56306.75
11864,21508.99834
11865,13662.30961
11866,14892.543560000002
11867,1864.343964
11868,199066.122
11869,569.182688
11870,475.284348
11871,78.80886
11872,469.946268
11873,2160.180096
11874,30195.667230000003
11875,75.71795110000001
11876,9530.46175
11877,180863.052
11878,7056.36243
11879,440.07821200000006
11880,61698.47
11881,99104.882
11882,61.3125888
11883,26308.771920000003
11884,19919.588
11885,0.0
11886,4510.31804
11887,53801.579712000006
11888,53374.3641
11889,5460.824250000001
11890,173.394756
11891,31607.280540000003
11892,46535.86159
11893,23433.056
11894,26103.595200000003
11895,77647.55546
11896,294571.494
11897,4697.111244
11898,378656.948
11899,41436.98262
11900,88292.72276
11901,57848.77866
11902,92722.87958
11903,238.394688
11904,254332.62316
11905,88136.24242
11906,4068.74126
11907,168.4518757
11908,270775.17610000004
11909,346.609242
11910,54063.42993
11911,278.6510101
11912,27081.3807
11913,1861.85844
11914,29.9967576
11915,849.344595
11916,11824.76456
11917,41302.54814
11918,43.8205278
11919,37922.16444
11920,21337.45794
11921,58.5760029
11922,32825.31265
11923,1033.6568100000002
11924,1282.08075
11925,181502.13262
11926,7311.950032000001
11927,5.126495
11928,3041.52723
11929,32346.04656
11930,1105.161536
11931,4.9257297
11932,1156.112604
11933,46858.4446
11934,1578.385068
11935,2736.5584320000003
11936,2540.554176
11937,166.06107
11938,3003.273196
11939,408520.476
11940,191810.29456
11941,589.160652
11942,17022.26689
11943,3787.85573
11944,50875.41798
11945,76349.41297
11946,28212.67735
11947,564.984
11948,1377.562272
11949,254.964624
11950,36819.9034
11951,408.63204
11952,11784.155776
11953,13297.649
11954,5685.361218
11955,223.69446
11956,76891.48741
11957,260403.31968
11958,137511.32075
11959,55308.19467
11960,430.684506
11961,208788.06883
11962,491.10108
11963,37410.68342
11964,119124.30259
11965,62583.615000000005
11966,5603.661271999999
11967,334927.29968000005
11968,1001.241704
11969,10328.45742
11970,76.96678
11971,22.459867300000003
11972,44450.08337
11973,66.2481681
11974,13453.56606
11975,165584.29255
11976,41920.888
11977,64632.8358
11978,7051.0416000000005
11979,21489.12545
11980,634.307952
11981,21350.465536
11982,1328.462848
11983,36021.04302
11984,721.8780999999999
11985,37787.43014
11986,1348.117992
11987,5117.783850000002
11988,58819.664
11989,34740.097
11990,132715.375
11991,283849.112
11992,46.1746549
11993,62.46154799999999
11994,31315.741195
11995,7679.6187
11996,61480.26782000001
11997,7980.564624000001
11998,57813.76350000001
11999,6886.505080000001
12000,89.3394482
12001,370.9819078
12002,3.1764978000000004
12003,2824.90146
12004,205857.60601000005
12005,51138.91692
12006,66093.15934000001
12007,4082.49564
12008,35938.457
12009,146808.49
12010,56307.44236
12011,196842.364
12012,6169.999744000001
12013,88150.36
12014,194.521776
12015,18.3097734
12016,2973.219072
12017,135479.40052
12018,444753.528
12019,143348.169
12020,22728.985200000003
12021,40.8400812
12022,826.4737299000001
12023,309564.29351
12024,33500.093
12025,31360.292
12026,1432.2675
12027,19339.2576
12028,17.3724012
12029,2501.1258300000004
12030,3.8563825
12031,263134.239
12032,27.6387584
12033,1551.429
12034,7342.55
12035,83591.63876
12036,4123.90818
12037,11608.883
12038,305.8113093
12039,5730.3895600000005
12040,627.926208
12041,1428.2618042
12042,8321.709200000001
12043,66512.56
12044,128.5600844
12045,94297.51429
12046,88967.38369999999
12047,5975.03992
12048,9863.40128
12049,836.06675
12050,25889.73105
12051,1793.2064605
12052,27518.7166
12053,89845.20764000001
12054,9602.480928
12055,38885.501
12056,7701.79394
12057,180.0042472
12058,11351.86788
12059,8952.313590000002
12060,27665.21261
12061,6422.808756
12062,108470.926
12063,92125.22215
12064,357512.821
12065,18853.05965
12066,40180.51115
12067,67.845204
12068,8414.08744
12069,3451.5624000000003
12070,141.7932
12071,37785.96459
12072,2462.4994
12073,75819.59817
12074,44245.76505000001
12075,6045.2320500000005
12076,30479.951220000003
12077,6.6506946000000005
12078,1691.3552508
12079,67199.215
12080,39861.84268
12081,70356.75335
12082,109466.05474
12083,47014.5546
12084,11617.9096
12085,8773.694712
12086,836.2160187000001
12087,281.3433582
12088,12702.85877
12089,2488.680124
12090,14928.029600000002
12091,27885.4591
12092,3337.3507200000004
12093,14072.54374
12094,486.7089911
12095,10293.726156
12096,16966.252170000003
12097,55496.10413000001
12098,28673.326360000003
12099,250.6100773
12100,417753.0
12101,42983.619170000005
12102,207.6830371
12103,23303.85046
12104,46205.892
12105,133103.54507000002
12106,53900.52
12107,1702.431702
12108,933.756692
12109,6883.099300000001
12110,94251.90486
12111,7090.59425
12112,1257.4477800000002
12113,569.5935
12114,75125.39420000001
12115,112968.0721
12116,3.1766676000000005
12117,350538.35707
12118,524.659944
12119,154.91469510000002
12120,100.4284074
12121,161592.09343000004
12122,41591.051
12123,21813.96888
12124,12190.70244
12125,28840.2141
12126,7.3289735
12127,12552.409490000002
12128,16967.69755
12129,109.539384
12130,272585.79341
12131,180127.11288
12132,22991.10021
12133,22991.947
12134,16155.57888
12135,48957.31509
12136,434.453796
12137,44281.91376
12138,118.8448514
12139,881.78718
12140,16995.1175
12141,284390.75114
12142,557.204472
12143,204.5003078
12144,23594.908
12145,3.9889792
12146,2002.051848
12147,66100.39258
12148,255.1904308
12149,448.15194
12150,19874.241540000003
12151,63341.74319
12152,228.588
12153,521.5622373
12154,24798.97134
12155,8944.57265
12156,76.2951847
12157,85.54959840000001
12158,3491.2770200000004
12159,1652.4392000000005
12160,25916.70772
12161,9673.79193
12162,763125.0131900001
12163,281.73442
12164,33603.2671
12165,5408.614092
12166,274697.1021
12167,1395.407448
12168,8702.9492
12169,20958.44261
12170,15416.026
12171,1914.33425
12172,151300.05728
12173,224.015244
12174,1618.6745600000002
12175,5526.22588
12176,57514.206
12177,9707.277
12178,437.165056
12179,1634.4284320000002
12180,45221.085060000005
12181,117.94158860000002
12182,2319.0461760000003
12183,150.193872
12184,167390.35279
12185,5119.511
12186,45070.23778
12187,183.5410577
12188,21044.09917
12189,83888.38320000001
12190,712.3965002
12191,268327.83534000005
12192,53165.80553
12193,82226.41829
12194,225984.14836
12195,32145.5862
12196,9377.7849
12197,413424.62
12198,10011.143800000002
12199,2139.200796
12200,115.71168
12201,285747.97009
12202,233482.12674
12203,40328.49599999999
12204,636.5153704
12205,2467.51083
12206,3547.4169900000006
12207,69171.04575
12208,14033.321
12209,5183.2517800000005
12210,27011.00628
12211,10033.999206
12212,23956.1504
12213,163.6764052
12214,7266.467610000001
12215,94347.98794
12216,116919.336
12217,1125.6
12218,524.733936
12219,45050.13596
12220,2589.5238
12221,437.7346
12222,9094.6592
12223,6366.07749
12224,57250.09186
12225,656.120311
12226,88589.97899999999
12227,76508.075
12228,131433.59921
12229,7242.259599999999
12230,219.8488608
12231,20650.10729
12232,22063.4148
12233,15723.8926
12234,66743.46860000001
12235,33975.89739
12236,54056.43165
12237,88011.61182
12238,4537.81035
12239,9612.4128
12240,4.6047984
12241,8718.365216
12242,363287.31
12243,45.533484
12244,88155.05447999999
12245,9701.71613
12246,366.12081
12247,14765.45924
12248,19467.658000000003
12249,40654.50090000001
12250,2328.05178
12251,46670.29456
12252,10198.116621
12253,2.1728632
12254,6173.78355
12255,19222.14346
12256,12691.76
12257,132150.46095000004
12258,683.9795879999999
12259,927.27876
12260,15836.368
12261,3958.7072
12262,104792.4545
12263,9087.86628
12264,192478.288
12265,551.730784
12266,50309.193
12267,35365.0423
12268,2242.777896
12269,752.86494
12270,87956.33901
12271,13.1709832
12272,754.9803539999999
12273,31572.07
12274,100.5438786
12275,195.180324
12276,307.3541786
12277,181391.72543
12278,27.8488386
12279,3116.7288000000003
12280,124.3230024
12281,49.126308
12282,71088.004
12283,10928.76326
12284,14884.97568
12285,2553.5865320000003
12286,2373.458796
12287,160445.3097
12288,65493.636
12289,12749.297
12290,7075.086499999999
12291,72793.36209000001
12292,21935.55276
12293,16702.54
12294,6753.12974
12295,2035.237184
12296,210.3401027
12297,1002.703776
12298,191157.044
12299,404.345754
12300,1899.691296
12301,91943.14154
12302,554.7884188
12303,1257.94144
12304,21273.33707
12305,28336.55887
12306,6026.69611
12307,3966.75
12308,4054.7728
12309,19870.801
12310,27754.37897
12311,36300.1392
12312,137554.24102000002
12313,68165.72458000001
12314,76790.97216
12315,20438.57609
12316,1915.830016
12317,44924.70892
12318,1418.96256
12319,15237.529650000002
12320,33652.70796
12321,257460.874
12322,150594.401
12323,16420.55352
12324,1641.950072
12325,2703.177348
12326,42991.85957
12327,10116.332416
12328,19628.288928
12329,161110.45375000002
12330,2458.494048
12331,22821.7618
12332,6370.42266
12333,41953.78499
12334,702.2085917
12335,14678.882850000002
12336,5.419598499999999
12337,2569.100384
12338,5951.7201700000005
12339,35562.43086
12340,7.6265541
12341,367102.8985
12342,248566.66187
12343,4336.7016
12344,105716.022
12345,94222.55095
12346,37724.49779
12347,37912.90756000001
12348,69598.96558
12349,51835.55553
12350,87808.96399999999
12351,128048.878
12352,15253.9789
12353,20239.16422
12354,5793.25538
12355,43885.28116
12356,92294.71777
12357,86.61379199999999
12358,11144.77592
12359,219932.45193
12360,33.589630799999995
12361,170749.14964000002
12362,248.2300621
12363,2.5673891
12364,65956.62771999999
12365,1337.051554
12366,20413.625
12367,2580.53368
12368,15654.3881
12369,262.11747599999995
12370,206.606792
12371,5335.25222
12372,5.1602256
12373,11568.124220000002
12374,17475.837779999998
12375,5528.69037
12376,168651.08602
12377,72950.857
12378,30988.76921
12379,8851.6152
12380,26829.42568
12381,31994.51167
12382,86273.17082000001
12383,97184.80332
12384,120443.786
12385,109695.832
12386,9809.6934
12387,91599.12446
12388,255284.171
12389,8015.0
12390,33782.488600000004
12391,8.3954475
12392,107878.189
12393,946.3540000000002
12394,586.4199857
12395,27.4650552
12396,3.7273123
12397,167898.15545000002
12398,191911.38656
12399,644.7825749
12400,68.86094510000001
12401,85219.73378000001
12402,6.9431271
12403,82955.20101
12404,1401.144906
12405,64059.63790000001
12406,66007.672
12407,168550.57070999997
12408,56233.74218
12409,1103.1708600000002
12410,11885.977400000002
12411,199.9716237
12412,201.7393718
12413,16441.405
12414,7015.165920000001
12415,650.6694348
12416,184250.23274
12417,8876.2
12418,228.5437
12419,179767.41942000002
12420,24781.266000000003
12421,159666.551
12422,50692.1784
12423,9002.04956
12424,23323.77175
12425,318.65182580000004
12426,7560.262996
12427,1029.9285252
12428,49858.45682
12429,5723.562330000001
12430,2753.44286
12431,101964.83976
12432,5354.2704
12433,289.872504
12434,11060.00226
12435,29869.102000000003
12436,1653.853344
12437,63626.883
12438,224598.58423
12439,1682.3502
12440,2354.7048479999994
12441,3819.01002
12442,151353.96416
12443,3454.99056
12444,26157.93366
12445,31927.489
12446,63.3785772
12447,33875.08722
12448,4940.21572
12449,60533.243740000005
12450,34284.99326
12451,12.7946742
12452,128277.95528
12453,45992.491140000006
12454,45684.74223
12455,8198.67972
12456,6043.534430000001
12457,461.21754
12458,156997.17930000002
12459,336367.324
12460,17.80827
12461,54068.79143999999
12462,15331.4392
12463,156326.114
12464,3180.4245359999995
12465,12228.26264
12466,22529.886
12467,11320.4094
12468,3487.9499440000004
12469,14051.1098
12470,1785.58938
12471,1238.1338300000002
12472,66397.84976
12473,110726.20793
12474,7152.670470000001
12475,32944.431410000005
12476,623.67785
12477,105125.94271
12478,30128.43987
12479,990.100704
12480,198.333144
12481,1664.33075
12482,2028.046788
12483,256413.29931000003
12484,78.2253073
12485,21856.6873
12486,4209.0776
12487,21625.50447
12488,44742.925
12489,43507.88708
12490,75148.369
12491,7205.076999999999
12492,47.9412954
12493,507.9040525
12494,8947.236
12495,1.0102675
12496,80.4747988
12497,23691.11512
12498,30752.75
12499,284.4648576
12500,11010.767
12501,115149.97875
12502,2660.031276
12503,3260.95024
12504,55978.248190000006
12505,113944.27815
12506,988.737
12507,6150.02048
12508,63.1470512
12509,4715.39151
12510,11338.34814
12511,12384.818190000002
12512,9938.22433
12513,651174.268
12514,583.237536
12515,1614.750684
12516,1966.975689
12517,59631.59286
12518,20157.69644
12519,27982.7525
12520,51868.305
12521,359036.921
12522,23212.645450000004
12523,10896.185
12524,21001.63734
12525,5160.826834
12526,238.4382341
12527,12846.62145
12528,177.61986760000002
12529,15443.89281
12530,2339.16813
12531,165925.804
12532,42635.329
12533,34980.25602
12534,156011.0
12535,63638.02808
12536,133995.94524
12537,14115.445000000002
12538,5138.54224
12539,107710.145
12540,1299.4641
12541,3330.54766
12542,41120.51269
12543,92.55776
12544,4120.18896
12545,35422.88322
12546,47385.20241
12547,100055.0676
12548,122477.352
12549,132595.248
12550,163145.363
12551,5045.352200000001
12552,1977.72516
12553,37930.78012
12554,3373.5572
12555,4084.837572
12556,824.511672
12557,25543.55699
12558,310215.42681000003
12559,53.8201376
12560,9.4811202
12561,168.990102
12562,62283.06822
12563,12014.453
12564,43537.62475
12565,72963.9511
12566,4725.3311
12567,495224.825
12568,15206.962788
12569,1763.205966
12570,125.106976
12571,39.6289068
12572,36440.14044
12573,61592.116
12574,112461.43234
12575,22718.922
12576,190.6820097
12577,6.2831632
12578,46903.289
12579,159273.503
12580,85707.04444
12581,98.1782274
12582,37.042662400000005
12583,148297.96026
12584,119991.37215
12585,195030.48341
12586,28291.5277
12587,4083.03658
12588,340.5167379
12589,5804.3628
12590,50414.129550000005
12591,155724.20814
12592,903.770082
12593,88541.66748
12594,128638.92638
12595,12875.52996
12596,5734.264340000001
12597,369200.43
12598,69.446388
12599,94743.39296
12600,21011.55309
12601,88.80672609999999
12602,939.9723879
12603,3303.961857
12604,9315.76052
12605,2.8299001
12606,316.0838988
12607,39570.59210000001
12608,119947.458
12609,48679.67577
12610,0.6197002999999999
12611,295.48486060000005
12612,311.1644351
12613,4961.4957
12614,126758.41843000002
12615,253649.44517
12616,43269.65045
12617,205971.87152
12618,874.497276
12619,215.72748
12620,20.0847152
12621,58905.68229
12622,292.98624300000006
12623,39026.153
12624,39192.5349
12625,60949.27167
12626,1715.251
12627,9603.0682
12628,3.545114
12629,207586.927
12630,131491.3474
12631,22095.17175
12632,137.19126
12633,1153.9346
12634,4128.98661
12635,10599.141
12636,103263.122
12637,1518.29525
12638,58324.99728
12639,2801.271
12640,41845.38994
12641,88464.978
12642,618.07536
12643,18850.85567
12644,115.86342
12645,3576.151044
12646,20.5727007
12647,53560.616
12648,101043.48178000002
12649,28380.0169
12650,885.698172
12651,10982.43768
12652,9097.3294
12653,146394.03813
12654,67129.153
12655,12238.2934
12656,513.0388119
12657,3067.67695
12658,6838.569400000001
12659,11655.75924
12660,71163.45784
12661,50855.63514
12662,104.2850592
12663,8.429474399999998
12664,0.0
12665,4098.23544
12666,43345.91991
12667,1427.7062696
12668,124021.98215
12669,2890.348434
12670,913.701285
12671,421.9693992
12672,147.93683
12673,0.0
12674,3212.96575
12675,17619.976440000002
12676,14096.214630000002
12677,3598.0929
12678,11049.071488
12679,966.511836
12680,1826.652608
12681,194.2402495
12682,20469.33126
12683,12100.93802
12684,11.0492032
12685,57813.484
12686,69329.63874
12687,22039.008
12688,3485.187328
12689,29510.17277
12690,5277.0693200000005
12691,13085.755
12692,3236.655648
12693,20052.573040000003
12694,1334.2962000000002
12695,8.7218001
12696,16232.31198
12697,117348.70993
12698,70284.26834
12699,41493.434
12700,4302.69408
12701,23362.25806
12702,17802.626650000002
12703,74117.3077
12704,1720.818378
12705,1708.49616
12706,18185.7105
12707,1503.645592
12708,104121.81291
12709,123356.69084
12710,20339.12295
12711,2323.279968
12712,64069.3677
12713,1670.1673919999998
12714,84.61700060000001
12715,31443.39152
12716,195621.999
12717,24598.00711
12718,89673.40497999999
12719,1645.4254228
12720,6570.309216000001
12721,9193.914
12722,2343.0247400000003
12723,28950.729
12724,2063.02774
12725,22.8784
12726,41620.37906
12727,94140.57
12728,96511.69791
12729,832.15863
12730,19016.32834
12731,90.11128259999998
12732,34855.04772
12733,17599.93461
12734,4.877369099999999
12735,61774.22542
12736,11142.126060000002
12737,205.1786694
12738,49390.6468
12739,103694.441
12740,6944.522980000001
12741,74249.069
12742,142876.99944
12743,56353.07496
12744,371.303892
12745,47832.6563
12746,7930.738620000001
12747,108604.66354
12748,14813.311392
12749,60638.387740000006
12750,181298.43046
12751,159.01263440000002
12752,5665.28175
12753,12.0155318
12754,19.8222752
12755,7388.310912000001
12756,606.684366
12757,16645.964
12758,29407.04
12759,87265.59947
12760,185.433336
12761,52091.268950000005
12762,2411.59886
12763,7.1515383
12764,53674.20177
12765,13084.254
12766,22495.13
12767,799.392
12768,92749.26739
12769,498.05024
12770,391.519752
12771,293078.754
12772,30712.972
12773,75816.528
12774,38953.73306
12775,674.4990600000001
12776,723.80592
12777,5082.7178
12778,6967.701720000001
12779,129720.83580000002
12780,653.787336
12781,1984.1688937
12782,13536.7522
12783,6717.1795
12784,3310.0616
12785,87239.92997
12786,1001.774592
12787,289.465368
12788,19.7676032
12789,56366.13341
12790,12.7848974
12791,1102.929
12792,24627.18875
12793,665.714082
12794,66600.53036
12795,5357.055906
12796,421.180716
12797,3.8232353999999993
12798,3842.679960000001
12799,43382.30956
12800,244656.90337
12801,10020.1482
12802,40745.0485
12803,148148.84875
12804,22515.57883
12805,56940.6802
12806,3225.262116
12807,21862.53745
12808,16347.50717
12809,85460.86824000001
12810,193472.848
12811,61978.79768
12812,21590.35722
12813,939.994008
12814,78.77551349999999
12815,359057.51258000004
12816,17431.24657
12817,193605.8
12818,139.3504574
12819,1053.821152
12820,220707.15888
12821,4817.410912
12822,41533.03188
12823,367602.35979
12824,7.2856953
12825,154.2137652
12826,3590.2382
12827,29210.649650000003
12828,127147.49856
12829,17454.7386
12830,1052.508716
12831,22857.318784000003
12832,63.970956
12833,55108.44
12834,572.98038
12835,8270.60706
12836,159747.68481
12837,17.5501271
12838,495.460908
12839,329.2190591
12840,111720.46342
12841,2221.86496
12842,1707.08796
12843,6308.338
12844,8229.010590000002
12845,169845.9
12846,31821.44512
12847,62857.37125
12848,151459.98283
12849,4713.1934
12850,15.852336000000005
12851,5895.57347
12852,31.5052704
12853,13135.32234
12854,4876.164699999999
12855,127.5552707
12856,70139.60785
12857,1013.5932
12858,3.2067165
12859,107.8315056
12860,20.581864000000003
12861,4037.5287000000008
12862,7403.232
12863,4673.615
12864,14123.4115
12865,84.8213568
12866,164760.55666
12867,11733.138
12868,198.594262
12869,10299.36114
12870,1553.0211720000002
12871,28466.093
12872,21843.301
12873,20.0550735
12874,15512.329
12875,478236.78496
12876,65794.877
12877,7161.008704
12878,12442.60485
12879,200.192768
12880,22817.94526
12881,186904.2617
12882,333716.33
12883,27916.69196
12884,232.833816
12885,18207.923
12886,161770.47302
12887,224839.83607
12888,18253.003
12889,656.173524
12890,147.5195337
12891,38129.6279
12892,783.1644479999999
12893,164694.367
12894,43914.16484
12895,29382.42586
12896,211.2388986
12897,11459.88081
12898,107582.661
12899,56523.5028
12900,1436.33952
12901,81815.98751
12902,22828.73166
12903,33458.9222
12904,1037.3600545
12905,1143.0089
12906,146.279016
12907,17063.99946
12908,55982.337920000005
12909,11386.59675
12910,27165.80949
12911,604.1655438
12912,765864.36456
12913,35368.405020000006
12914,7301.064679999999
12915,0.5562519
12916,1366.8727436
12917,39721.493140000006
12918,44750.477
12919,1544.572232
12920,22811.637408
12921,29.429238
12922,33240.403470000005
12923,279068.58688
12924,25268.46564
12925,126.1569408
12926,6929.301600000001
12927,2441.548396
12928,55945.87192
12929,6343.464
12930,189.449424
12931,99808.48974
12932,5169.78171
12933,18323.142
12934,3995.351982
12935,5484.79917
12936,25446.18228
12937,5763.1284000000005
12938,402.4680297
12939,30971.1872
12940,147289.67559
12941,34937.98778
12942,333246.49134
12943,1792.057188
12944,7864.455312
12945,12749.82822
12946,7.798318200000001
12947,121.875096
12948,64263.49842000001
12949,20873.29328
12950,1.5768532
12951,31.242
12952,1456.2790200000002
12953,32003.644260000005
12954,34467.005000000005
12955,22127.33496
12956,997.795918
12957,71798.75889
12958,415.8470734
12959,15138.542
12960,0.0
12961,118358.60884
12962,12.3002033
12963,546.170088
12964,1413.26568
12965,60649.6341
12966,4290.98916
12967,1462.3602500000002
12968,65.6051696
12969,51762.931
12970,320982.0
12971,1213.9289640000002
12972,160374.99262
12973,10070.193515
12974,97695.751
12975,11844.72705
12976,9.7222409
12977,34889.0797
12978,13965.08136
12979,23.1645715
12980,46465.03448
12981,199456.58646
12982,36.1828426
12983,1107.287328
12984,1821.86384
12985,596.1626634
12986,9411.7224
12987,18440.04052
12988,986.85334
12989,71135.55
12990,143.3564792
12991,96103.8612
12992,5203.9988
12993,14231.827
12994,539.27664
12995,66777.603
12996,20647.82204
12997,57430.83094
12998,29255.24902
12999,124.4969539
13000,31098.76
13001,284802.36021
13002,2.3160010000000004
13003,246446.24955
13004,28288.508
13005,54460.29225
13006,215.027784
13007,17704.0416
13008,90919.91796
13009,416.01274
13010,5658.48531
13011,25167.4592
13012,801.38952
13013,15279.6308
13014,61293.01625
13015,232779.909
13016,23.9967549
13017,448.9940345
13018,1349.392848
13019,9063.12873
13020,51979.17879
13021,5248.6466
13022,23972.20218
13023,14343.40248
13024,71949.99203000001
13025,3.3667131
13026,145239.75654
13027,260759.32442
13028,1047.91704
13029,94851.95671
13030,5538.030210000001
13031,9143.85483
13032,368223.11766
13033,12768.56108
13034,63463.48115
13035,12960.502
13036,7079.601620000001
13037,5826.301632
13038,187406.58568
13039,154239.74
13040,78753.76000000001
13041,690.561514
13042,36441.72584000001
13043,43.1272008
13044,21295.03461
13045,892.409616
13046,19662.0008
13047,269.339712
13048,694.60496
13049,51681.879120000005
13050,457.972008
13051,103776.36139
13052,1205.5367553
13053,2439.23895
13054,802.3776720000001
13055,0.0
13056,11663.16597
13057,33669.19737
13058,193721.43628
13059,432.010392
13060,2634.80196
13061,1664.286368
13062,40.657122
13063,118400.90556
13064,1138.5491235
13065,0.0
13066,32181.01418
13067,36191.023
13068,92338.24583
13069,129246.662
13070,259.34059060000004
13071,16458.624
13072,153396.51641
13073,106.627367
13074,33283.34838
13075,714.3077214
13076,71327.3854
13077,3672.842
13078,7.206913500000001
13079,328.09320180000003
13080,932.6000844
13081,30943.421400000003
13082,95772.31128000002
13083,17244.501
13084,9766.41624
13085,101607.822
13086,1261.86798
13087,0.0
13088,36.765504
13089,43519.41521000001
13090,33773.378
13091,62893.724850000006
13092,121884.092
13093,23361.680880000004
13094,209.0224116
13095,11184.066
13096,446.844696
13097,44459.323
13098,8001.84914
13099,287760.9919
13100,3151.04398
13101,15565.684
13102,1330.147466
13103,37.4499448
13104,1211.985312
13105,344.912244
13106,12466.486
13107,7.0139377
13108,12.1954536
13109,26463.02022
13110,46309.800330000005
13111,9284.55217
13112,17.4271394
13113,36235.70148
13114,2418.02052
13115,34546.904
13116,0.0
13117,15924.94938
13118,62654.26166
13119,160373.50286
13120,1384.364832
13121,66231.44764000001
13122,7191.648990000001
13123,64.25922
13124,2770.2016000000003
13125,82411.45748
13126,517317.47492
13127,10617.51778
13128,941.108028
13129,13263.35013
13130,37273.07211
13131,5.681278799999999
13132,1.9547699
13133,117319.6921
13134,63253.34186
13135,16.3884182
13136,21541.747390000004
13137,47340.929050000006
13138,210053.226
13139,568.513157
13140,11622.55555
13141,12803.78186
13142,81.5165153
13143,52952.992900000005
13144,158430.40455
13145,2187.5205600000004
13146,4671.59427
13147,67.1369567
13148,5035.4028
13149,58817.69602
13150,31589.706
13151,24012.312702000003
13152,1672.406695
13153,5909.761
13154,37208.0926
13155,10189.22112
13156,2655.1269760000005
13157,15990.240000000002
13158,20050.9752
13159,80.2489233
13160,32774.804520000005
13161,9536.44052
13162,63083.66607000001
13163,274.6986
13164,10479.3992
13165,66118.55743000002
13166,6324.593072000001
13167,251.401572
13168,3198.835712
13169,63467.030600000006
13170,57905.16
13171,4697.727232
13172,378.375948
13173,17090.66142
13174,17583.685980000002
13175,54759.279
13176,4.5213687
13177,14591.14938
13178,1178.2584
13179,38589.579560000006
13180,47090.92011000001
13181,8.031636899999999
13182,239.9249967
13183,6080.82875
13184,29013.389000000003
13185,32271.45996
13186,3153.080532
13187,23722.217180000003
13188,62908.828980000006
13189,74509.77807
13190,48634.48915
13191,23888.78757
13192,169.8892088
13193,23030.912
13194,1124.718896
13195,3.1910882000000003
13196,278.42486
13197,9668.6892
13198,5927.608200000001
13199,254369.93626
13200,10257.4346
13201,37343.172
13202,206.8113866
13203,30.616426500000003
13204,4692.10563
13205,197816.72908
13206,58690.65542
13207,315151.42205
13208,95154.85597
13209,4820.315886
13210,53014.490000000005
13211,931.190592
13212,1178.592
13213,56306.310300000005
13214,59731.219260000005
13215,169.3286232
13216,47760.8
13217,16.480815200000002
13218,14180.85372
13219,298789.78630000004
13220,17341.5115
13221,101762.27171
13222,15972.5488
13223,252023.83552
13224,4372.700724
13225,123683.73489
13226,32683.28252
13227,475.340796
13228,34405.3454
13229,1772.90806
13230,6.97368
13231,25.5432914
13232,13796.429
13233,211.426712
13234,4984.3431
13235,11.9260598
13236,220500.288
13237,5362.8890280000005
13238,32340.351155
13239,2749.0185
13240,12728.79437
13241,10739.886
13242,47207.3327
13243,294.3109992
13244,103841.31122
13245,4383.27252
13246,37691.7557
13247,12300.41098
13248,121830.454
13249,193371.91652
13250,4648.998
13251,54328.25197
13252,45781.3395
13253,953.064
13254,4201.41734
13255,4672.347084
13256,4685.285
13257,411.6562946
13258,0.5034203999999999
13259,549.0473924
13260,26084.075072
13261,120507.84504
13262,145337.939
13263,148172.6716
13264,0.0
13265,4776.95799
13266,19198.817408000003
13267,219.073848
13268,48929.2724
13269,149.567976
13270,111961.62592
13271,143375.9933
13272,67091.92462
13273,1804.554752
13274,1955.036688
13275,7400.982960000001
13276,66550.68248
13277,646.2435600000001
13278,62.966198000000006
13279,729.731492
13280,45423.17106
13281,61626.40256000001
13282,176226.2892
13283,101119.97253
13284,59919.249
13285,114059.425
13286,124430.31994
13287,2623.6627000000003
13288,65.349288
13289,351055.52719000005
13290,9.2749584
13291,102.4062438
13292,4313.428680000001
13293,57648.30041
13294,82099.294
13295,156.75905999999998
13296,230798.43011
13297,14587.444942000002
13298,11282.69651
13299,15189.455000000002
13300,114345.68918000002
13301,117.274248
13302,19837.766740000003
13303,3033.7560000000003
13304,121755.40454000002
13305,392.9479516
13306,298567.772
13307,1511.855508
13308,19675.34334
13309,53474.74164
13310,20406.033152
13311,0.4458202
13312,10221.93028
13313,5726.019
13314,199413.27783
13315,5399.0
13316,42853.350000000006
13317,849.3105419999999
13318,5815.895400000001
13319,36367.75175
13320,424.76726400000007
13321,247464.001
13322,15415.17458
13323,35750.484
13324,0.0
13325,5680.850420000001
13326,12525.3034
13327,266.76612
13328,2186.6034520000003
13329,35557.62535
13330,115768.64058
13331,12642.228
13332,10461.33225
13333,121579.889
13334,47452.15980000001
13335,4598.312
13336,186.029688
13337,39413.68834
13338,12411.102
13339,17769.34459
13340,103.822932
13341,36300.09912
13342,729.237696
13343,4019.904728
13344,211865.4364
13345,5101.8412
13346,17272.22525
13347,20561.69664
13348,6723.4587
13349,37701.194
13350,33259.691000000006
13351,6.640814000000001
13352,64713.38468000001
13353,220525.929
13354,2167.1796000000004
13355,639.0707
13356,6826.472900000001
13357,14216.303752
13358,12639.79
13359,19.7147152
13360,15811.06866
13361,4032.105132
13362,2.4715254
13363,12292.416849999998
13364,8482.58928
13365,65495.95161
13366,77.7475244
13367,51116.58
13368,280.9961508
13369,157224.20183
13370,15183.771
13371,96525.07753
13372,315341.7742
13373,9029.055
13374,117350.7189
13375,1928.7495360000005
13376,5522.17974
13377,2428.595832
13378,42670.440180000005
13379,26614.66298
13380,115777.54261
13381,46063.9645
13382,2414.469552
13383,13824.823
13384,181383.15006
13385,4478.025778
13386,89926.14777000001
13387,1205.217632
13388,17670.11031
13389,3144.921312
13390,1723.4510919999998
13391,40652.55
13392,8128.322592
13393,17384.03177
13394,1253.44128
13395,35769.131
13396,16512.803490000002
13397,381266.07074000005
13398,1958.617767
13399,366.8036554
13400,34460.062
13401,184592.213
13402,3219.188848
13403,13367.468610000002
13404,1875.97252
13405,353.039008
13406,54310.89326
13407,626.492568
13408,228.223776
13409,3963.06722
13410,2270.644284
13411,3339.856704
13412,27628.259
13413,328.74611400000003
13414,168341.2813
13415,394150.872
13416,90125.29486
13417,3324.42638
13418,57.1457968
13419,89694.64812
13420,20137.428
13421,51508.36028
13422,13.6812288
13423,39.3805302
13424,837.2783360000001
13425,548920.4967400001
13426,21016.384830000003
13427,43553.28185
13428,24.5615678
13429,3488.807552
13430,2503.6870500000005
13431,22736.709
13432,35029.545
13433,8158.655960000001
13434,12829.259136
13435,1679.4931004000002
13436,26126.9931
13437,7687.768910000001
13438,15280.16555
13439,0.0
13440,3159.061698
13441,621.1979571
13442,388212.45446
13443,206836.74974000003
13444,2620.21612
13445,6005.86462
13446,16174.264
13447,5383.780128
13448,698.53542
13449,17640.558
13450,10089.2142
13451,6690.5443
13452,18067.238
13453,58032.408760000006
13454,1104.122976
13455,6810.4244
13456,49164.717
13457,31943.4863
13458,1.1885097999999998
13459,20.5791468
13460,22614.84258
13461,305.166024
13462,49.1597622
13463,197.4042147
13464,40.8792104
13465,53.442669
13466,2851.3317500000003
13467,127804.41513
13468,5266.5865
13469,509.63681
13470,110242.74497
13471,4417.40812
13472,9898.73235
13473,132891.10069
13474,20281.209000000003
13475,15270.2006
13476,0.7537453000000001
13477,16241.5474
13478,56159.08791
13479,13495.6677
13480,78795.71059999999
13481,14002.62
13482,1019.025606
13483,4813.07692
13484,62068.585040000005
13485,260.1881149
13486,43681.97134
13487,5503.4324400000005
13488,33631.653
13489,242593.4277
13490,179.447484
13491,13037.1514
13492,3131.9973440000003
13493,153566.87360000002
13494,6799.24
13495,9778.15449
13496,104369.06633
13497,24242.67898
13498,294.50151
13499,4901.16974
13500,16129.078
13501,2092.589
13502,37460.4932
13503,269325.9267
13504,7724.952180000001
13505,625.351128
13506,21955.28756
13507,1421.9878199999998
13508,4.346939300000001
13509,21642.18034
13510,23.7714592
13511,25293.382230000003
13512,29264.20228
13513,3158.54925
13514,15653.48694
13515,20465.5893
13516,2637.235876
13517,552.5292079999999
13518,191932.51092
13519,7806.501520000001
13520,117967.079
13521,13088.063430000002
13522,28332.140010000003
13523,18663.561984
13524,11642.28237
13525,6802.45888
13526,30497.41132
13527,243875.29318
13528,1564.83492
13529,767.147789
13530,596.3527799999999
13531,13418.929854
13532,19218.0
13533,6032.8244
13534,4935.7222600000005
13535,213.425552
13536,78.41156840000001
13537,127723.818
13538,28574.43094
13539,73389.877
13540,38.8562911
13541,951.26496
13542,6263.999999999999
13543,128481.26704
13544,2002.650656
13545,4534.18309
13546,4626.5895
13547,468.1613744
13548,94336.1755
13549,97.9491224
13550,309.9730942
13551,34517.94372
13552,14.2428096
13553,3935.36
13554,178.485984
13555,168380.2055
13556,28992.90548
13557,1812.949236
13558,410.6788800000001
13559,21762.51045
13560,2815.19056
13561,258068.63423
13562,7.0702566
13563,3973.835180000001
13564,11.0746113
13565,29084.739230000003
13566,176855.83431
13567,4.1598493
13568,8392.205390000001
13569,545.737392
13570,64522.9026
13571,3245.835942
13572,12500.54938
13573,16824.96335
13574,15768.18961
13575,12611.43642
13576,2927.887935
13577,47149.84
13578,544.4695223
13579,5901.2253
13580,35919.33656
13581,32755.778190000005
13582,70203.19836000001
13583,12149.30895
13584,30567.505
13585,12.5641
13586,29361.36488
13587,16651.1507
13588,202.520064
13589,79620.58196000001
13590,2023.715556
13591,9216.220655
13592,57603.001
13593,9066.58564
13594,275837.02846
13595,65846.205
13596,197.9507563
13597,342.226808
13598,2660.9860160000003
13599,4659.673632
13600,36340.97496
13601,135092.47232
13602,94034.813
13603,60213.84578999999
13604,1001.86974
13605,996.9897322
13606,300129.58051
13607,74332.9242
13608,3044.7300842
13609,146.767192
13610,274832.19936
13611,39529.67816
13612,108.166332
13613,4255.82432
13614,92969.964
13615,39815.446
13616,5661.133308
13617,14259.163380000002
13618,745.0160520000001
13619,1922.349042
13620,188.444928
13621,0.0
13622,35640.30186000001
13623,4885.85
13624,1138.257456
13625,66040.62897
13626,66175.66100000001
13627,125458.30001
13628,531.7870499999999
13629,109573.62776
13630,31681.97382
13631,13575.19075
13632,13869.782367
13633,117005.537
13634,196.249392
13635,61604.734
13636,112031.29
13637,47.1147314
13638,286865.75746
13639,13301.279810000002
13640,26911.679
13641,173751.19047
13642,346.1781816
13643,57859.144
13644,37545.0354
13645,45960.2206
13646,72095.65745
13647,118.702968
13648,6.935628899999999
13649,242473.24789
13650,356.6512
13651,125953.16894
13652,15667.00916
13653,183.0026562
13654,79880.486
13655,9237.29438
13656,103122.6478
13657,3589.349894
13658,9660.91466
13659,4719.705672
13660,10533.05616
13661,175837.61251
13662,15909.94913
13663,84.792006
13664,320.32842800000003
13665,210915.155
13666,19.11219
13667,52632.8627
13668,3244.2033720000004
13669,16254.005400000002
13670,2465.45488
13671,8946.24
13672,39891.99876
13673,116.7659784
13674,1323.397136
13675,49140.996
13676,425.551248
13677,19738.434950000003
13678,5426.177484
13679,239874.0318
13680,2330.1333480000003
13681,37631.21778
13682,18916.30287
13683,12906.180950000002
13684,15220.03616
13685,17.352014099999998
13686,691177.0719999999
13687,23306.0464
13688,18.9569149
13689,42594.239
13690,35641.87874
13691,12537.76425
13692,188502.38948
13693,51755.881
13694,54115.707
13695,26849.06575
13696,3121.17639
13697,148024.59464
13698,104062.36322
13699,14710.11442
13700,67555.338
13701,25062.754040000003
13702,292547.92855
13703,4304.5728
13704,14387.29804
13705,210469.2445
13706,40486.95891
13707,40006.188
13708,36269.201
13709,21115.249
13710,127112.95074
13711,225.543264
13712,45978.177
13713,16766.736350000003
13714,580.03578
13715,167240.874
13716,17394.75
13717,6364.597400000001
13718,32822.796
13719,11667.623780000002
13720,28663.587
13721,41859.416950000006
13722,21710.93521
13723,179.165148
13724,78.0229874
13725,2176.8735
13726,2814.789712
13727,184.5822924
13728,52470.54753000001
13729,74361.461
13730,178635.85989999998
13731,5064.0256
13732,12397.9543
13733,134300.88053000002
13734,16936.2565
13735,1194.3889
13736,45076.22176
13737,291061.95335
13738,138534.72720000002
13739,37544.23335
13740,1170.750078
13741,7519.014
13742,223.0974515
13743,4954.199804000001
13744,246.718284
13745,2724.128
13746,14814.906130000005
13747,4145.154072
13748,145.69895200000002
13749,19304.17645
13750,62282.10732
13751,121.042812
13752,9778.711550000002
13753,59977.70155
13754,61902.145520000005
13755,11226.30986
13756,12.7418907
13757,17083.19538
13758,76920.99534
13759,11487.06419
13760,8730.5328
13761,10966.14828
13762,10960.008
13763,62817.59169
13764,20306.89899
13765,111016.22096
13766,60066.25395
13767,6211.36685
13768,38.172589
13769,3295.123304
13770,3702.051
13771,164408.036
13772,1563.954048
13773,772.659348
13774,93.1047946
13775,4698.026508
13776,1071.919982
13777,39062.09674
13778,209377.22585
13779,1538.5972000000002
13780,19.1923039
13781,26898.76971
13782,40538.42174
13783,75172.66558
13784,26.3537223
13785,508.709952
13786,211.5489277
13787,14717.206710000002
13788,1463.5303452
13789,9165.00013
13790,26580.75634
13791,15648.521140000004
13792,16.082988
13793,146036.50287000003
13794,1569.0911302
13795,87723.81149000001
13796,7459.80759
13797,21238.735020000004
13798,43218.021960000005
13799,16924.08712
13800,417600.6147
13801,2737.904384
13802,82534.4298
13803,44201.915
13804,37694.2444
13805,22123.83225
13806,268017.26055
13807,65104.731
13808,28238.45375
13809,529.768818
13810,4479.2447
13811,42713.87522
13812,361.1949336
13813,28396.63035
13814,61088.59701
13815,1031.10392
13816,9940.58718
13817,1710.5699800000002
13818,15342.573350000002
13819,46237.8735
13820,12.5437176
13821,14504.67033
13822,57391.65991000001
13823,1875.802644
13824,293.5418338
13825,5245.063320000001
13826,1339.3283400000005
13827,709.63818
13828,17863.10641
13829,1099.543062
13830,10995.58174
13831,9973.005
13832,17476.896500000003
13833,9467.883
13834,646.63874
13835,320571.73045
13836,11036.238
13837,2600.8853440000003
13838,522.712632
13839,3081.65165
13840,1546.14522
13841,3860.35153
13842,174924.63507999998
13843,33082.12328
13844,10274.53383
13845,49755.598750000005
13846,3234.08106
13847,22077.4294
13848,6209.564490000001
13849,34561.84355
13850,10421.696384
13851,7172.4299900000005
13852,22066.41002
13853,36043.5426
13854,3742.66467
13855,37783.13216000001
13856,8925.716628
13857,4603.3204000000005
13858,5571.850409999999
13859,4.1197026
13860,17031.148400000002
13861,1633.899
13862,292421.81337
13863,19.8934488
13864,6071.38605
13865,6856.314
13866,15256.512
13867,75353.918
13868,147424.82388
13869,37844.7346
13870,497.74512
13871,4546.25484
13872,4918.48448
13873,73918.925
13874,59889.6701
13875,61324.992
13876,25927.491960000003
13877,9622.80326
13878,2963.735016
13879,1343.913418
13880,25553.53637
13881,304.234836
13882,0.0
13883,3060.24075
13884,13448.74
13885,8440.10075
13886,377597.91004
13887,39745.492
13888,6690.91806
13889,10206.23435
13890,210054.696
13891,97147.66035
13892,353.1657
13893,104.5999578
13894,7.1160393
13895,32205.92589
13896,7792.72
13897,10.9114071
13898,22915.21579
13899,379400.34356
13900,17544.602584
13901,5541.474744
13902,6.9938602
13903,36087.48195
13904,105317.17994
13905,2651.08624
13906,88.7680332
13907,67536.29972
13908,77408.6102
13909,4530.61879
13910,137.5048411
13911,34772.42027
13912,1558.495
13913,6048.481680000001
13914,35144.59859
13915,8315.799936
13916,21999.34728
13917,11308.47532
13918,4299.6732
13919,2753.9038800000003
13920,53.5715049
13921,272705.06715
13922,180.12604950000002
13923,20336.438
13924,26647.017450000003
13925,77840.68884
13926,28028.1074
13927,81.1542927
13928,77849.47368
13929,798134.33297
13930,72096.03895
13931,16329.345120000002
13932,60581.68351
13933,4314.07568
13934,248522.68518
13935,9937.6316
13936,211358.08016
13937,3774.669
13938,163962.01
13939,3124.603872
13940,1764.161924
13941,46338.00672
13942,79391.808
13943,261183.632
13944,384.93041
13945,44343.6578
13946,182.580768
13947,248560.83
13948,2408.593224
13949,104286.28519
13950,7328.18374
13951,16031.57322
13952,39090.6135
13953,95953.97639
13954,3835.147648
13955,35725.60456
13956,12749.01496
13957,10848.745334
13958,55.97432219999999
13959,242971.621
13960,9506.23992
13961,24.7713486
13962,60074.13029
13963,784.4753760000001
13964,59485.42783
13965,19805.42426
13966,70271.0919
13967,3614.03625
13968,223122.70336
13969,158.23044
13970,59843.05792000001
13971,9270.27248
13972,319841.22771
13973,4976.75456
13974,89824.428
13975,663056.77396
13976,249025.6
13977,116746.0
13978,1631.473902
13979,73.663944
13980,11750.63301
13981,95377.33805
13982,825.2197800000001
13983,5495.94909
13984,80885.26931999999
13985,691.95276
13986,150.2966847
13987,253038.34838
13988,55.731392
13989,6057.950999999999
13990,71929.12725
13991,1834.40264
13992,667.288318
13993,110210.79074
13994,51147.41506000001
13995,4782.945024
13996,6694.816576
13997,126647.47464
13998,8237.91371
13999,231.165568
14000,1189.800954
14001,2689.78542
14002,1.7822168999999997
14003,68194.92934999999
14004,149895.935
14005,15177.592
14006,5079.822048
14007,19121.684
14008,389624.32481
14009,1803.128172
14010,169343.935
14011,271405.38385
14012,3903.731952
14013,9580.201260000002
14014,150428.75426000002
14015,7470.189728000001
14016,28.4909664
14017,86.6696106
14018,21051.00977
14019,1598.6870640000002
14020,23651.95474
14021,306694.69014
14022,258.9590177
14023,214.987626
14024,42853.00356
14025,239.021724
14026,6213.3235700000005
14027,93.4202574
14028,20083.08496
14029,22181.098
14030,51210.16
14031,27400.368770000005
14032,111.85911
14033,13263.22573
14034,1100.07548
14035,141087.55407
14036,2016.5822000000005
14037,2.0190503
14038,11821.13284
14039,18365.38493
14040,54045.458
14041,100560.41
14042,6209.34
14043,169897.25796
14044,13297.00347
14045,6804.64984
14046,19048.932
14047,3749.822370000001
14048,105290.71038000002
14049,69.9343488
14050,82166.05409
14051,38563.391
14052,46067.78232
14053,893.37384
14054,38721.463950000005
14055,10310.69306
14056,348.15116
14057,8184.512862
14058,164.581976
14059,34714.476
14060,14535.31606
14061,12.2136696
14062,1111.232898
14063,226747.60425
14064,87046.1709
14065,3580.6188
14066,12035.43171
14067,345007.89
14068,43765.99317
14069,7922.661138
14070,84343.11
14071,1383.0298
14072,165374.37599
14073,80.2476444
14074,21313.433176
14075,399.3573793
14076,32324.309
14077,64533.3021
14078,496.3459199999999
14079,155515.981
14080,54968.002400000005
14081,21297.629900000004
14082,64155.29630000001
14083,63552.823
14084,620.6574
14085,24046.63
14086,14210.847
14087,10219.56021
14088,222560.9052
14089,223118.33698
14090,3678.6768
14091,671.0034639
14092,211216.72181
14093,22210.33188
14094,20574.6
14095,4566.7278
14096,475.75593
14097,60117.4349
14098,124118.78614
14099,68409.53905
14100,6448.172544
14101,39002.89507
14102,2530.9121950000003
14103,96376.67403
14104,166.66957200000002
14105,2182.46544
14106,5793.095448
14107,8691.724600000001
14108,192755.18362000005
14109,14167.13202
14110,49898.32302
14111,142.5728395
14112,110383.58714
14113,19671.9885
14114,26118.149450000004
14115,14694.442848
14116,221.4996072
14117,63249.2467
14118,1304.547244
14119,15037.44669
14120,8.3704744
14121,34880.263470000005
14122,8867.7591
14123,14375.717160000002
14124,4614.7657
14125,135.7387448
14126,188401.17851
14127,25.0958818
14128,14415.109650000002
14129,37124.2209
14130,1884.67008
14131,21948.334
14132,184.160904
14133,26525.510790000004
14134,904.07718
14135,7733.683
14136,1397.7
14137,28865.25562
14138,3918.682260000001
14139,12721.94179
14140,1648.52242
14141,533.73744
14142,17454.47308
14143,97.0337665
14144,549.467968
14145,9438.42
14146,797.431632
14147,228.57032000000004
14148,126574.81665000002
14149,6715.038740000001
14150,4971.109
14151,269320.01002000005
14152,648.44318
14153,137.820965
14154,1771.17312
14155,41116.442630000005
14156,2150.487234
14157,53357.39006
14158,29940.538
14159,17.1035073
14160,142454.97542000003
14161,10495.46939
14162,25071.569600000003
14163,6418.1686660000005
14164,7832.44701
14165,97110.11741
14166,326259.46708000003
14167,20379.870000000003
14168,68310.282
14169,13596.60534
14170,61390.99101
14171,1154.985494
14172,2860.4686880000004
14173,78342.32
14174,58487.33042
14175,2.4691179
14176,210.2839492
14177,96757.55063
14178,154023.70192999998
14179,505.36709750000006
14180,14028.923
14181,2141.2368
14182,97657.301
14183,17005.59576
14184,380.66428400000007
14185,160.57756670000003
14186,461.7894463
14187,358.5704392
14188,15513.07437
14189,142.4267039
14190,127.5535184
14191,219135.31239
14192,74158.16893
14193,6983.08159
14194,141.96237440000002
14195,497624.1229
14196,9732.62874
14197,4416.72
14198,21.458838
14199,109384.084
14200,27010.93525
14201,199562.24688
14202,27545.2332
14203,379603.37602
14204,46560.73539
14205,51302.968
14206,9.887884
14207,13711.95783
14208,127624.51826
14209,3.0911271
14210,1037.2912932000002
14211,12607.9613
14212,7125.47497
14213,7968.73292
14214,75931.66500000001
14215,47570.54
14216,2804.0807237000004
14217,99.4548009
14218,106.6665391
14219,80262.63115
14220,207328.06514
14221,3055.288832
14222,99009.98868
14223,93519.06681
14224,1262.561772
14225,33415.621
14226,6459.13588
14227,48.8156814
14228,120064.24495
14229,48911.26239999999
14230,127582.02243
14231,6934.817
14232,9572.4291
14233,38213.46153
14234,1635.2889839999998
14235,60010.804
14236,373076.56779
14237,34998.68247
14238,761.400564
14239,1308.0041
14240,10643.69358
14241,22875.06982
14242,71819.59079999999
14243,11114.059
14244,3.3357567
14245,207698.67814000003
14246,79416.58851
14247,16092.07112
14248,30894.697310000003
14249,48704.56992
14250,10654.74348
14251,2.2439168999999994
14252,49356.64098
14253,322.349388
14254,41146.5405
14255,74560.96958
14256,13911.2706
14257,357006.07154000003
14258,3.0383500000000003
14259,86268.80319
14260,5146.981344
14261,112.4306638
14262,171949.62
14263,2101.051908
14264,79.2185848
14265,39443.77526
14266,121.020756
14267,6939.602720000001
14268,31.97396
14269,352.62147600000003
14270,2027.88908
14271,174982.968
14272,75.51694619999999
14273,604.760268
14274,6299.34462
14275,40293.2745
14276,71359.745
14277,10.9230208
14278,43922.539
14279,489756.4627
14280,211.010408
14281,139270.34
14282,18.4494024
14283,121600.48829
14284,12979.182
14285,32244.49237
14286,28847.0
14287,13062.6874
14288,175744.22942000002
14289,244232.61907
14290,56082.654
14291,102860.28288
14292,10833.48
14293,1875.22446
14294,107228.628
14295,21586.78716
14296,6984.18372
14297,23937.997
14298,1882.374704
14299,3.9697638
14300,31692.501
14301,6444.44645
14302,49948.70827
14303,37.72086149999999
14304,1211.82776
14305,128088.117
14306,188668.37141
14307,94.346872
14308,623.608608
14309,8880.4698
14310,1287.332608
14311,20.6576766
14312,15143.24356
14313,25.3325445
14314,8306.74438
14315,3588.8393200000005
14316,0.0
14317,4240.72908
14318,82806.01271000001
14319,32833.7295
14320,20533.446
14321,46.3617488
14322,152703.35473999998
14323,47950.41269999999
14324,19386.849608
14325,97325.15497
14326,72829.11191
14327,14663.725
14328,118164.084
14329,12479.794999999998
14330,22266.243090000004
14331,56128.8879
14332,7873.092000000001
14333,30926.613600000004
14334,1280.86812
14335,36.3520644
14336,83623.63044
14337,199620.38185
14338,36449.09315
14339,4395.61512
14340,63860.61142
14341,762208.217
14342,83888.558
14343,39948.696500000005
14344,18846.529200000004
14345,4237.879392000001
14346,32544.150570000005
14347,47680.12724
14348,122587.5305
14349,154.50805200000002
14350,77914.01000000001
14351,204692.8
14352,80329.219
14353,36160.50257
14354,720.348924
14355,766.71522
14356,10746.81493
14357,1640.7283802
14358,213.553632
14359,445.6647
14360,128220.859
14361,131393.9714
14362,12659.45293
14363,3316.646088
14364,23513.708694
14365,746.6292869
14366,538.3854982
14367,232.383876
14368,26337.00996
14369,485.6659552
14370,125.6450531
14371,5974.55838
14372,14705.974
14373,199.530348
14374,7363.814528000001
14375,5525.93602
14376,10710.016
14377,86.7080726
14378,5550.897888
14379,54712.288400000005
14380,25200.136960000003
14381,15156.36498
14382,9343.84951
14383,162088.22943
14384,773.986192
14385,58478.54142000001
14386,3919.339725
14387,1667.24096
14388,134149.82848
14389,86.51492520000001
14390,5367.888
14391,2252.338488
14392,42.4188128
14393,14459.15847
14394,2662.5022
14395,73.8651215
14396,6168.9381300000005
14397,5375.85026
14398,13709.70706
14399,51194.22815
14400,17541.65214
14401,39934.86840000001
14402,140.30171539999998
14403,4011.1508
14404,61841.10313
14405,188.378376
14406,27989.30511
14407,15821.904049999996
14408,37805.292
14409,309.413232
14410,5458.704032000001
14411,88066.33527000001
14412,86506.72839
14413,42.1030608
14414,39822.56961
14415,331.9625496
14416,18766.05149
14417,12593.57224
14418,636.533568
14419,82418.2899
14420,148.222368
14421,6861.233
14422,26030.884
14423,679.0467199999999
14424,36531.1174
14425,5923.38096
14426,3410.78985
14427,399609.04872
14428,80978.4544
14429,832.2920280000001
14430,62464.45376
14431,25149.73313
14432,12171.5866
14433,35354.252250000005
14434,36212.31245
14435,899.1050126
14436,86128.78942000002
14437,141871.85875
14438,1571.9987895
14439,32657.650683
14440,1201.241538
14441,9976.542532
14442,2485.24892
14443,224.169432
14444,24318.77534
14445,1314.439524
14446,49482.12608
14447,13950.90019
14448,4938.13709
14449,22.5877653
14450,126465.42425
14451,6209.532560000001
14452,45.9900918
14453,8930.649650000001
14454,4733.81199
14455,81604.45339000001
14456,7796.5993
14457,62229.7772
14458,2415.156714
14459,12239.1621
14460,3661.737504
14461,754.58544
14462,11004.363
14463,41093.53986
14464,42706.63506
14465,6335.969952
14466,96.7310179
14467,120057.9424
14468,10094.91093
14469,39869.90882
14470,7161.1966
14471,36367.48962
14472,257403.476
14473,14885.845
14474,198054.953
14475,23924.946280000004
14476,748.0784639999999
14477,25387.59003
14478,1009.9306841
14479,64298.52339
14480,361.587552
14481,724.657408
14482,235307.18677
14483,181.4451545
14484,7746.31107
14485,676.2425106000001
14486,3.2472687
14487,2512.216896
14488,12615.367128
14489,25844.79415
14490,4.9820912
14491,17438.50779
14492,8661.75838
14493,37565.17534
14494,122110.38117
14495,130223.886
14496,4281.69994
14497,723.652
14498,34531.566
14499,5448.0104
14500,4656.1764
14501,118.673424
14502,372.913146
14503,5140.896444
14504,9444.3822
14505,10634.05638
14506,8910.79893
14507,6473.28594
14508,6288.50326
14509,1377.577656
14510,1623.016
14511,1710.47943
14512,770.020704
14513,13.2946233
14514,44294.78755
14515,14063.014022
14516,409.97255600000005
14517,2070.04098
14518,317450.8152
14519,223629.9693
14520,140766.65688000002
14521,659.741958
14522,2885.26779
14523,42392.585
14524,2435.146875
14525,147626.835
14526,13072.235
14527,14341.738
14528,44784.028000000006
14529,99304.83428
14530,8.2119224
14531,72041.36346
14532,310.57225200000005
14533,15487.329649999998
14534,3483.76627
14535,66.27798
14536,335493.05110000004
14537,16.8403336
14538,11.1957846
14539,1536.401676
14540,3161.922
14541,710.357634
14542,108286.70358
14543,110104.47738
14544,2671.03501
14545,4816.43685
14546,73888.51491
14547,565.2005939999999
14548,3779.642712
14549,1444.6340300000002
14550,28062.40358
14551,1938.471264
14552,93273.0
14553,17021.12751
14554,30434.898
14555,202103.5312
14556,39004.798
14557,193816.35857
14558,1745.227566
14559,2635.45675
14560,15376.979492
14561,4449.903346
14562,110637.86694
14563,80539.83
14564,16200.420390000005
14565,18.1759728
14566,10286.14143
14567,0.7411211999999998
14568,50555.52942
14569,16502.139
14570,5851.320876
14571,15557.112
14572,7.256597399999999
14573,30460.74978
14574,9.924624
14575,50558.13
14576,92908.1992
14577,32262.650240000003
14578,3351.097896
14579,739.1999999999999
14580,9346.526
14581,232.933608
14582,10880.967
14583,3741.2988
14584,40743.87756
14585,7599.92675
14586,20.2343584
14587,9923.55402
14588,72559.07422000001
14589,92.4603551
14590,94640.83924
14591,432.360576
14592,14004.436
14593,611.5893839999999
14594,7419.268278
14595,150198.64063
14596,28346.63873
14597,1163.375136
14598,178274.95
14599,82.443696
14600,10558.6665
14601,77481.50441
14602,25554.9866
14603,903.680028
14604,22093.15659
14605,9945.11152
14606,2132.61026
14607,9986.84775
14608,123196.79874
14609,1047.101146
14610,20416.47172
14611,4183.0613
14612,39.297888
14613,1047.55815
14614,37.3689833
14615,17216.379
14616,707.2272
14617,37996.35
14618,76999.963
14619,18518.99436
14620,59.001144
14621,2428.6890420000004
14622,614.04204
14623,16124.0486
14624,485.3265198
14625,46209.29235
14626,640.6647839999999
14627,9074.2022
14628,74857.90929000001
14629,23284.7648
14630,987.2362038
14631,40440.7328
14632,1949.609344
14633,23.1195162
14634,139261.74412000002
14635,5526.325824
14636,75718.09
14637,2582.36836
14638,13052.28145
14639,11193.48099
14640,342341.96327
14641,1037.78052
14642,119329.02338
14643,1.2971252999999998
14644,135656.902
14645,19749.61492
14646,17694.83525
14647,4498.2743040000005
14648,7438.77475
14649,3940.192
14650,44584.41170000001
14651,3.9565352
14652,118335.38925
14653,169733.95614
14654,36064.723044000006
14655,30.061747200000003
14656,25188.64096
14657,3877.653024
14658,113908.18
14659,859.470192
14660,236131.06000000003
14661,66323.72377
14662,442.26854770000006
14663,16480.68552
14664,29660.03324
14665,8556.099
14666,102.1366827
14667,1753.137664
14668,87.5473697
14669,2796.83936
14670,18837.6699
14671,78705.30614
14672,2876.5728
14673,8695.797404
14674,917404.92119
14675,65175.91453
14676,210528.436
14677,10680.52851
14678,1993.564872
14679,126907.61000000002
14680,7659.67525
14681,7278.91274
14682,50802.527
14683,12703.40555
14684,19303.331980000003
14685,47540.85008
14686,21534.641000000003
14687,236.2050472
14688,3211.38734
14689,51863.159
14690,50189.46474
14691,65947.42525
14692,2945.830092
14693,1640.904036
14694,50929.492
14695,7906.10681
14696,113347.25136
14697,8476.29889
14698,4426.758143999999
14699,7713.86064
14700,333.19820000000004
14701,61485.39600000001
14702,5413.859
14703,164.282816
14704,32303.54855
14705,362071.76633
14706,163213.162
14707,1693.1235
14708,78.63212
14709,40765.9421
14710,6000.7621500000005
14711,15375.0281
14712,79836.64561
14713,134.7625328
14714,85185.9099
14715,184501.918
14716,153881.32645
14717,31166.65674
14718,90667.736
14719,3.1446968
14720,97426.677
14721,123.313824
14722,20.1512484
14723,112650.31923999998
14724,28731.15304
14725,83826.87246
14726,29652.55735
14727,94.2687823
14728,24.5040489
14729,2832.60132
14730,0.0
14731,10283.72848
14732,232152.59488
14733,3.2504833
14734,9851.877042
14735,7742.926
14736,6466.64796
14737,223922.276
14738,37242.002826
14739,19159.56504
14740,1020.9134859
14741,14432.071
14742,244187.08977
14743,5118.82712
14744,2015.339264
14745,139388.48885000002
14746,268128.6946
14747,8024.746950000001
14748,4.7832133
14749,98365.07276
14750,73636.27076
14751,62544.997630000005
14752,0.4149274
14753,14763.31566
14754,936.662
14755,10929.59676
14756,4919.09152
14757,170.3767522
14758,1837.166715
14759,206282.619
14760,11.4029268
14761,1839.27688
14762,30807.73
14763,617.93742
14764,92265.23838
14765,25328.04878
14766,488045.57288
14767,29.475747299999995
14768,88.4065332
14769,107.809668
14770,13833.445
14771,11220.1112
14772,221.4900807
14773,470.172
14774,8840.328370000001
14775,51709.319350000005
14776,371623.222
14777,25630.205
14778,1366.0074967
14779,349.18128
14780,96916.9231
14781,241.378368
14782,5200.20291
14783,273.7039536
14784,10035.171
14785,6533.163924
14786,6352.54596
14787,4582.0424
14788,13766.668390000004
14789,6120.0016000000005
14790,1.3973562
14791,79.6640174
14792,170918.791
14793,37081.630000000005
14794,15124.825
14795,7238.9964
14796,95310.85347000002
14797,640918.457
14798,12588.81277
14799,28087.694
14800,11997.54389
14801,58327.388
14802,15230.17269
14803,2073.593604
14804,107.525856
14805,15865.4394
14806,10484.984300000002
14807,182.257404
14808,14909.544
14809,26306.093790000003
14810,160.2697151
14811,40558.68952
14812,33851.34738000001
14813,86.170986
14814,87343.123
14815,646.288512
14816,3390.5405680000003
14817,222199.804
14818,1266.94
14819,6135.06173
14820,5953.631740000001
14821,29357.82612
14822,511.820208
14823,14675.224810000002
14824,11114.27983
14825,61228.24082
14826,32284.139
14827,800.2863179999999
14828,54512.80799
14829,202226.10642000003
14830,13217.955849
14831,14463.70575
14832,41466.9954
14833,299.118888
14834,403.74654
14835,10.7961424
14836,13918.103
14837,14196.999996
14838,24221.04805
14839,17.3510624
14840,40621.886464
14841,11884.5873
14842,569.2132
14843,10262.462
14844,2603.27628
14845,1694.5792
14846,44813.38582
14847,154486.3183
14848,93534.83911
14849,204241.31477
14850,49059.29
14851,50.379135
14852,708.920424
14853,46879.88521
14854,40320.380000000005
14855,36465.9
14856,58035.312
14857,387.6896254
14858,20693.74905
14859,26205.030565
14860,39536.3435
14861,41069.96374000001
14862,18627.33225
14863,185240.472
14864,1486.915556
14865,15831.853
14866,2015.837376
14867,55739.922
14868,90172.29845
14869,969.97128
14870,1004.951864
14871,23633.083
14872,74813.91194
14873,43.5406836
14874,3.9461421
14875,13493.4236
14876,80013.51882
14877,147435.7722
14878,12054.422520000002
14879,2554.129644
14880,16373.83176
14881,58.894818400000005
14882,107646.69
14883,651.041664
14884,2421.5843300000006
14885,25487.649
14886,2424.56172
14887,526.1960709
14888,9335.33835
14889,7841.755
14890,988.9911
14891,11370.97126
14892,60722.862
14893,43065.561
14894,13.000073400000002
14895,84982.62717
14896,32876.597160000005
14897,20.0772204
14898,1227.4164500000002
14899,461.655144
14900,999.927936
14901,2580.1834
14902,7036.9662
14903,6734.340996
14904,48081.449
14905,27084.41361
14906,590.047368
14907,153982.92006
14908,224855.5036
14909,23472.99979
14910,88.9839736
14911,120946.951
14912,2590.9781040000003
14913,4627.896280000001
14914,8.4974232
14915,7897.880580000001
14916,74392.34423
14917,3001.084196
14918,43454.02066
14919,14067.519
14920,3.2406141
14921,10673.7222
14922,521349.43288
14923,137359.48383
14924,60169.98
14925,21303.742
14926,1307.8460160000002
14927,19272.563550000003
14928,55192.377
14929,35327.7561
14930,13041.80575
14931,52134.442
14932,651.409056
14933,13987.16575
14934,9805.2462
14935,6055.66234
14936,52688.18012
14937,75448.43178
14938,29778.591700000004
14939,281.9047981
14940,1382.472612
14941,13.534110000000002
14942,62.0328302
14943,44309.1168
14944,45411.14688
14945,27250.12203
14946,28608.917
14947,31468.54884
14948,8.031047399999999
14949,10747.827414
14950,162638.27761
14951,130094.722
14952,485.8457299
14953,53449.51106
14954,175173.87803
14955,2781.653388
14956,77929.51512000001
14957,764.3929567
14958,94143.71242
14959,35321.13935
14960,65002.86504
14961,98562.24611
14962,38877.27198
14963,4480.17978
14964,4754.141664
14965,416067.299
14966,38061.371
14967,4688.13251
14968,5129.2575
14969,5851.9873720000005
14970,78413.29309
14971,1496.749572
14972,79475.152
14973,121.634604
14974,55803.52337000001
14975,2603.717888
14976,10509.698
14977,220.496388
14978,6.3405696
14979,76158.864
14980,44866.788
14981,14759.42946
14982,105369.987
14983,166.5272412
14984,6650.18667
14985,3463.56081
14986,3448.46969
14987,72332.92356
14988,64282.541260000005
14989,2594.84855
14990,130525.04423
14991,43052.62916
14992,91433.78236
14993,57613.04000000001
14994,22078.07316
14995,27448.88140000001
14996,96688.45
14997,122611.56199
14998,12967.83622
14999,13935.725210000002
15000,49672.57312
